file_name,again_number,reference_num,Ligand1,Ligand2,Lable,Lable1,Lable2,Rank1,Rank2,Rank,Ligand1_num,Ligand2_num
hif2a,9,1,/home/yujie/leadopt/data/test_set_fep+_graph_rmH_I/hif2a/lig_hif2a_25.pkl,/home/yujie/leadopt/data/test_set_fep+_graph_rmH_I/hif2a/lig_hif2a_164.pkl,2.58,7.54,4.96,0,26,26,lig_hif2a_25,lig_hif2a_164
hif2a,9,1,/home/yujie/leadopt/data/test_set_fep+_graph_rmH_I/hif2a/lig_hif2a_61.pkl,/home/yujie/leadopt/data/test_set_fep+_graph_rmH_I/hif2a/lig_hif2a_164.pkl,2.45,7.41,4.96,1,26,26,lig_hif2a_61,lig_hif2a_164
hif2a,9,1,/home/yujie/leadopt/data/test_set_fep+_graph_rmH_I/hif2a/lig_hif2a_206.pkl,/home/yujie/leadopt/data/test_set_fep+_graph_rmH_I/hif2a/lig_hif2a_164.pkl,2.46,7.42,4.96,4,26,26,lig_hif2a_206,lig_hif2a_164
hif2a,9,1,/home/yujie/leadopt/data/test_set_fep+_graph_rmH_I/hif2a/lig_hif2a_23.pkl,/home/yujie/leadopt/data/test_set_fep+_graph_rmH_I/hif2a/lig_hif2a_164.pkl,0.2199999999999997,5.18,4.96,5,26,26,lig_hif2a_23,lig_hif2a_164
hif2a,9,1,/home/yujie/leadopt/data/test_set_fep+_graph_rmH_I/hif2a/lig_hif2a_224.pkl,/home/yujie/leadopt/data/test_set_fep+_graph_rmH_I/hif2a/lig_hif2a_164.pkl,2.12,7.08,4.96,7,26,26,lig_hif2a_224,lig_hif2a_164
hif2a,9,1,/home/yujie/leadopt/data/test_set_fep+_graph_rmH_I/hif2a/lig_hif2a_15.pkl,/home/yujie/leadopt/data/test_set_fep+_graph_rmH_I/hif2a/lig_hif2a_164.pkl,3.14,8.1,4.96,8,26,26,lig_hif2a_15,lig_hif2a_164
hif2a,9,1,/home/yujie/leadopt/data/test_set_fep+_graph_rmH_I/hif2a/lig_hif2a_165.pkl,/home/yujie/leadopt/data/test_set_fep+_graph_rmH_I/hif2a/lig_hif2a_164.pkl,1.81,6.77,4.96,9,26,26,lig_hif2a_165,lig_hif2a_164
hif2a,9,1,/home/yujie/leadopt/data/test_set_fep+_graph_rmH_I/hif2a/lig_hif2a_35.pkl,/home/yujie/leadopt/data/test_set_fep+_graph_rmH_I/hif2a/lig_hif2a_164.pkl,0.2800000000000002,5.24,4.96,11,26,26,lig_hif2a_35,lig_hif2a_164
hif2a,9,1,/home/yujie/leadopt/data/test_set_fep+_graph_rmH_I/hif2a/lig_hif2a_289.pkl,/home/yujie/leadopt/data/test_set_fep+_graph_rmH_I/hif2a/lig_hif2a_164.pkl,3.04,8.0,4.96,12,26,26,lig_hif2a_289,lig_hif2a_164
hif2a,9,1,/home/yujie/leadopt/data/test_set_fep+_graph_rmH_I/hif2a/lig_hif2a_215.pkl,/home/yujie/leadopt/data/test_set_fep+_graph_rmH_I/hif2a/lig_hif2a_164.pkl,2.81,7.77,4.96,13,26,26,lig_hif2a_215,lig_hif2a_164
hif2a,9,1,/home/yujie/leadopt/data/test_set_fep+_graph_rmH_I/hif2a/lig_hif2a_124.pkl,/home/yujie/leadopt/data/test_set_fep+_graph_rmH_I/hif2a/lig_hif2a_164.pkl,2.46,7.42,4.96,14,26,26,lig_hif2a_124,lig_hif2a_164
hif2a,9,1,/home/yujie/leadopt/data/test_set_fep+_graph_rmH_I/hif2a/lig_hif2a_227.pkl,/home/yujie/leadopt/data/test_set_fep+_graph_rmH_I/hif2a/lig_hif2a_164.pkl,2.93,7.89,4.96,15,26,26,lig_hif2a_227,lig_hif2a_164
hif2a,9,1,/home/yujie/leadopt/data/test_set_fep+_graph_rmH_I/hif2a/lig_hif2a_42.pkl,/home/yujie/leadopt/data/test_set_fep+_graph_rmH_I/hif2a/lig_hif2a_164.pkl,1.59,6.55,4.96,17,26,26,lig_hif2a_42,lig_hif2a_164
hif2a,9,1,/home/yujie/leadopt/data/test_set_fep+_graph_rmH_I/hif2a/lig_hif2a_252.pkl,/home/yujie/leadopt/data/test_set_fep+_graph_rmH_I/hif2a/lig_hif2a_164.pkl,2.16,7.12,4.96,18,26,26,lig_hif2a_252,lig_hif2a_164
hif2a,9,1,/home/yujie/leadopt/data/test_set_fep+_graph_rmH_I/hif2a/lig_hif2a_254.pkl,/home/yujie/leadopt/data/test_set_fep+_graph_rmH_I/hif2a/lig_hif2a_164.pkl,2.04,7.0,4.96,19,26,26,lig_hif2a_254,lig_hif2a_164
hif2a,9,1,/home/yujie/leadopt/data/test_set_fep+_graph_rmH_I/hif2a/lig_hif2a_235.pkl,/home/yujie/leadopt/data/test_set_fep+_graph_rmH_I/hif2a/lig_hif2a_164.pkl,2.46,7.42,4.96,20,26,26,lig_hif2a_235,lig_hif2a_164
hif2a,9,1,/home/yujie/leadopt/data/test_set_fep+_graph_rmH_I/hif2a/lig_hif2a_237.pkl,/home/yujie/leadopt/data/test_set_fep+_graph_rmH_I/hif2a/lig_hif2a_164.pkl,2.04,7.0,4.96,21,26,26,lig_hif2a_237,lig_hif2a_164
hif2a,9,1,/home/yujie/leadopt/data/test_set_fep+_graph_rmH_I/hif2a/lig_hif2a_336.pkl,/home/yujie/leadopt/data/test_set_fep+_graph_rmH_I/hif2a/lig_hif2a_164.pkl,2.24,7.2,4.96,22,26,26,lig_hif2a_336,lig_hif2a_164
hif2a,9,1,/home/yujie/leadopt/data/test_set_fep+_graph_rmH_I/hif2a/lig_hif2a_31.pkl,/home/yujie/leadopt/data/test_set_fep+_graph_rmH_I/hif2a/lig_hif2a_164.pkl,1.5200000000000005,6.48,4.96,24,26,26,lig_hif2a_31,lig_hif2a_164
hif2a,9,1,/home/yujie/leadopt/data/test_set_fep+_graph_rmH_I/hif2a/lig_hif2a_251.pkl,/home/yujie/leadopt/data/test_set_fep+_graph_rmH_I/hif2a/lig_hif2a_164.pkl,2.55,7.51,4.96,25,26,26,lig_hif2a_251,lig_hif2a_164
hif2a,9,1,/home/yujie/leadopt/data/test_set_fep+_graph_rmH_I/hif2a/lig_hif2a_1.pkl,/home/yujie/leadopt/data/test_set_fep+_graph_rmH_I/hif2a/lig_hif2a_164.pkl,3.3400000000000007,8.3,4.96,28,26,28,lig_hif2a_1,lig_hif2a_164
hif2a,9,1,/home/yujie/leadopt/data/test_set_fep+_graph_rmH_I/hif2a/lig_hif2a_43.pkl,/home/yujie/leadopt/data/test_set_fep+_graph_rmH_I/hif2a/lig_hif2a_164.pkl,1.42,6.38,4.96,30,26,30,lig_hif2a_43,lig_hif2a_164
hif2a,9,1,/home/yujie/leadopt/data/test_set_fep+_graph_rmH_I/hif2a/lig_hif2a_167.pkl,/home/yujie/leadopt/data/test_set_fep+_graph_rmH_I/hif2a/lig_hif2a_164.pkl,2.8600000000000003,7.82,4.96,32,26,32,lig_hif2a_167,lig_hif2a_164
hif2a,9,1,/home/yujie/leadopt/data/test_set_fep+_graph_rmH_I/hif2a/lig_hif2a_41.pkl,/home/yujie/leadopt/data/test_set_fep+_graph_rmH_I/hif2a/lig_hif2a_164.pkl,2.21,7.17,4.96,33,26,33,lig_hif2a_41,lig_hif2a_164
hif2a,9,1,/home/yujie/leadopt/data/test_set_fep+_graph_rmH_I/hif2a/lig_hif2a_338.pkl,/home/yujie/leadopt/data/test_set_fep+_graph_rmH_I/hif2a/lig_hif2a_164.pkl,2.93,7.89,4.96,34,26,34,lig_hif2a_338,lig_hif2a_164
hif2a,9,1,/home/yujie/leadopt/data/test_set_fep+_graph_rmH_I/hif2a/lig_hif2a_234.pkl,/home/yujie/leadopt/data/test_set_fep+_graph_rmH_I/hif2a/lig_hif2a_164.pkl,2.63,7.59,4.96,35,26,35,lig_hif2a_234,lig_hif2a_164
hif2a,9,1,/home/yujie/leadopt/data/test_set_fep+_graph_rmH_I/hif2a/lig_hif2a_84.pkl,/home/yujie/leadopt/data/test_set_fep+_graph_rmH_I/hif2a/lig_hif2a_164.pkl,0.5899999999999999,5.55,4.96,36,26,36,lig_hif2a_84,lig_hif2a_164
hif2a,9,1,/home/yujie/leadopt/data/test_set_fep+_graph_rmH_I/hif2a/lig_hif2a_30.pkl,/home/yujie/leadopt/data/test_set_fep+_graph_rmH_I/hif2a/lig_hif2a_164.pkl,2.78,7.74,4.96,37,26,37,lig_hif2a_30,lig_hif2a_164
hif2a,9,1,/home/yujie/leadopt/data/test_set_fep+_graph_rmH_I/hif2a/lig_hif2a_155.pkl,/home/yujie/leadopt/data/test_set_fep+_graph_rmH_I/hif2a/lig_hif2a_164.pkl,2.74,7.7,4.96,38,26,38,lig_hif2a_155,lig_hif2a_164
hif2a,9,1,/home/yujie/leadopt/data/test_set_fep+_graph_rmH_I/hif2a/lig_hif2a_156.pkl,/home/yujie/leadopt/data/test_set_fep+_graph_rmH_I/hif2a/lig_hif2a_164.pkl,2.18,7.14,4.96,39,26,39,lig_hif2a_156,lig_hif2a_164
hif2a,9,1,/home/yujie/leadopt/data/test_set_fep+_graph_rmH_I/hif2a/lig_hif2a_231.pkl,/home/yujie/leadopt/data/test_set_fep+_graph_rmH_I/hif2a/lig_hif2a_164.pkl,2.39,7.35,4.96,40,26,40,lig_hif2a_231,lig_hif2a_164
hif2a,9,1,/home/yujie/leadopt/data/test_set_fep+_graph_rmH_I/hif2a/lig_hif2a_50.pkl,/home/yujie/leadopt/data/test_set_fep+_graph_rmH_I/hif2a/lig_hif2a_164.pkl,2.1500000000000004,7.11,4.96,41,26,41,lig_hif2a_50,lig_hif2a_164
hif2a,9,2,/home/yujie/leadopt/data/test_set_fep+_graph_rmH_I/hif2a/lig_hif2a_25.pkl,/home/yujie/leadopt/data/test_set_fep+_graph_rmH_I/hif2a/lig_hif2a_57.pkl,-0.2800000000000002,7.54,7.82,0,27,27,lig_hif2a_25,lig_hif2a_57
hif2a,9,2,/home/yujie/leadopt/data/test_set_fep+_graph_rmH_I/hif2a/lig_hif2a_61.pkl,/home/yujie/leadopt/data/test_set_fep+_graph_rmH_I/hif2a/lig_hif2a_57.pkl,-0.4100000000000001,7.41,7.82,1,27,27,lig_hif2a_61,lig_hif2a_57
hif2a,9,2,/home/yujie/leadopt/data/test_set_fep+_graph_rmH_I/hif2a/lig_hif2a_206.pkl,/home/yujie/leadopt/data/test_set_fep+_graph_rmH_I/hif2a/lig_hif2a_57.pkl,-0.4000000000000003,7.42,7.82,4,27,27,lig_hif2a_206,lig_hif2a_57
hif2a,9,2,/home/yujie/leadopt/data/test_set_fep+_graph_rmH_I/hif2a/lig_hif2a_23.pkl,/home/yujie/leadopt/data/test_set_fep+_graph_rmH_I/hif2a/lig_hif2a_57.pkl,-2.640000000000001,5.18,7.82,5,27,27,lig_hif2a_23,lig_hif2a_57
hif2a,9,2,/home/yujie/leadopt/data/test_set_fep+_graph_rmH_I/hif2a/lig_hif2a_224.pkl,/home/yujie/leadopt/data/test_set_fep+_graph_rmH_I/hif2a/lig_hif2a_57.pkl,-0.7400000000000002,7.08,7.82,7,27,27,lig_hif2a_224,lig_hif2a_57
hif2a,9,2,/home/yujie/leadopt/data/test_set_fep+_graph_rmH_I/hif2a/lig_hif2a_15.pkl,/home/yujie/leadopt/data/test_set_fep+_graph_rmH_I/hif2a/lig_hif2a_57.pkl,0.2799999999999993,8.1,7.82,8,27,27,lig_hif2a_15,lig_hif2a_57
hif2a,9,2,/home/yujie/leadopt/data/test_set_fep+_graph_rmH_I/hif2a/lig_hif2a_165.pkl,/home/yujie/leadopt/data/test_set_fep+_graph_rmH_I/hif2a/lig_hif2a_57.pkl,-1.0500000000000007,6.77,7.82,9,27,27,lig_hif2a_165,lig_hif2a_57
hif2a,9,2,/home/yujie/leadopt/data/test_set_fep+_graph_rmH_I/hif2a/lig_hif2a_35.pkl,/home/yujie/leadopt/data/test_set_fep+_graph_rmH_I/hif2a/lig_hif2a_57.pkl,-2.58,5.24,7.82,11,27,27,lig_hif2a_35,lig_hif2a_57
hif2a,9,2,/home/yujie/leadopt/data/test_set_fep+_graph_rmH_I/hif2a/lig_hif2a_289.pkl,/home/yujie/leadopt/data/test_set_fep+_graph_rmH_I/hif2a/lig_hif2a_57.pkl,0.1799999999999997,8.0,7.82,12,27,27,lig_hif2a_289,lig_hif2a_57
hif2a,9,2,/home/yujie/leadopt/data/test_set_fep+_graph_rmH_I/hif2a/lig_hif2a_215.pkl,/home/yujie/leadopt/data/test_set_fep+_graph_rmH_I/hif2a/lig_hif2a_57.pkl,-0.0500000000000007,7.77,7.82,13,27,27,lig_hif2a_215,lig_hif2a_57
hif2a,9,2,/home/yujie/leadopt/data/test_set_fep+_graph_rmH_I/hif2a/lig_hif2a_124.pkl,/home/yujie/leadopt/data/test_set_fep+_graph_rmH_I/hif2a/lig_hif2a_57.pkl,-0.4000000000000003,7.42,7.82,14,27,27,lig_hif2a_124,lig_hif2a_57
hif2a,9,2,/home/yujie/leadopt/data/test_set_fep+_graph_rmH_I/hif2a/lig_hif2a_227.pkl,/home/yujie/leadopt/data/test_set_fep+_graph_rmH_I/hif2a/lig_hif2a_57.pkl,0.0699999999999994,7.89,7.82,15,27,27,lig_hif2a_227,lig_hif2a_57
hif2a,9,2,/home/yujie/leadopt/data/test_set_fep+_graph_rmH_I/hif2a/lig_hif2a_42.pkl,/home/yujie/leadopt/data/test_set_fep+_graph_rmH_I/hif2a/lig_hif2a_57.pkl,-1.2700000000000005,6.55,7.82,17,27,27,lig_hif2a_42,lig_hif2a_57
hif2a,9,2,/home/yujie/leadopt/data/test_set_fep+_graph_rmH_I/hif2a/lig_hif2a_252.pkl,/home/yujie/leadopt/data/test_set_fep+_graph_rmH_I/hif2a/lig_hif2a_57.pkl,-0.7000000000000002,7.12,7.82,18,27,27,lig_hif2a_252,lig_hif2a_57
hif2a,9,2,/home/yujie/leadopt/data/test_set_fep+_graph_rmH_I/hif2a/lig_hif2a_254.pkl,/home/yujie/leadopt/data/test_set_fep+_graph_rmH_I/hif2a/lig_hif2a_57.pkl,-0.8200000000000003,7.0,7.82,19,27,27,lig_hif2a_254,lig_hif2a_57
hif2a,9,2,/home/yujie/leadopt/data/test_set_fep+_graph_rmH_I/hif2a/lig_hif2a_235.pkl,/home/yujie/leadopt/data/test_set_fep+_graph_rmH_I/hif2a/lig_hif2a_57.pkl,-0.4000000000000003,7.42,7.82,20,27,27,lig_hif2a_235,lig_hif2a_57
hif2a,9,2,/home/yujie/leadopt/data/test_set_fep+_graph_rmH_I/hif2a/lig_hif2a_237.pkl,/home/yujie/leadopt/data/test_set_fep+_graph_rmH_I/hif2a/lig_hif2a_57.pkl,-0.8200000000000003,7.0,7.82,21,27,27,lig_hif2a_237,lig_hif2a_57
hif2a,9,2,/home/yujie/leadopt/data/test_set_fep+_graph_rmH_I/hif2a/lig_hif2a_336.pkl,/home/yujie/leadopt/data/test_set_fep+_graph_rmH_I/hif2a/lig_hif2a_57.pkl,-0.6200000000000001,7.2,7.82,22,27,27,lig_hif2a_336,lig_hif2a_57
hif2a,9,2,/home/yujie/leadopt/data/test_set_fep+_graph_rmH_I/hif2a/lig_hif2a_31.pkl,/home/yujie/leadopt/data/test_set_fep+_graph_rmH_I/hif2a/lig_hif2a_57.pkl,-1.34,6.48,7.82,24,27,27,lig_hif2a_31,lig_hif2a_57
hif2a,9,2,/home/yujie/leadopt/data/test_set_fep+_graph_rmH_I/hif2a/lig_hif2a_251.pkl,/home/yujie/leadopt/data/test_set_fep+_graph_rmH_I/hif2a/lig_hif2a_57.pkl,-0.3100000000000005,7.51,7.82,25,27,27,lig_hif2a_251,lig_hif2a_57
hif2a,9,2,/home/yujie/leadopt/data/test_set_fep+_graph_rmH_I/hif2a/lig_hif2a_1.pkl,/home/yujie/leadopt/data/test_set_fep+_graph_rmH_I/hif2a/lig_hif2a_57.pkl,0.4800000000000004,8.3,7.82,28,27,28,lig_hif2a_1,lig_hif2a_57
hif2a,9,2,/home/yujie/leadopt/data/test_set_fep+_graph_rmH_I/hif2a/lig_hif2a_43.pkl,/home/yujie/leadopt/data/test_set_fep+_graph_rmH_I/hif2a/lig_hif2a_57.pkl,-1.4400000000000004,6.38,7.82,30,27,30,lig_hif2a_43,lig_hif2a_57
hif2a,9,2,/home/yujie/leadopt/data/test_set_fep+_graph_rmH_I/hif2a/lig_hif2a_167.pkl,/home/yujie/leadopt/data/test_set_fep+_graph_rmH_I/hif2a/lig_hif2a_57.pkl,0.0,7.82,7.82,32,27,32,lig_hif2a_167,lig_hif2a_57
hif2a,9,2,/home/yujie/leadopt/data/test_set_fep+_graph_rmH_I/hif2a/lig_hif2a_41.pkl,/home/yujie/leadopt/data/test_set_fep+_graph_rmH_I/hif2a/lig_hif2a_57.pkl,-0.6500000000000004,7.17,7.82,33,27,33,lig_hif2a_41,lig_hif2a_57
hif2a,9,2,/home/yujie/leadopt/data/test_set_fep+_graph_rmH_I/hif2a/lig_hif2a_338.pkl,/home/yujie/leadopt/data/test_set_fep+_graph_rmH_I/hif2a/lig_hif2a_57.pkl,0.0699999999999994,7.89,7.82,34,27,34,lig_hif2a_338,lig_hif2a_57
hif2a,9,2,/home/yujie/leadopt/data/test_set_fep+_graph_rmH_I/hif2a/lig_hif2a_234.pkl,/home/yujie/leadopt/data/test_set_fep+_graph_rmH_I/hif2a/lig_hif2a_57.pkl,-0.2300000000000004,7.59,7.82,35,27,35,lig_hif2a_234,lig_hif2a_57
hif2a,9,2,/home/yujie/leadopt/data/test_set_fep+_graph_rmH_I/hif2a/lig_hif2a_84.pkl,/home/yujie/leadopt/data/test_set_fep+_graph_rmH_I/hif2a/lig_hif2a_57.pkl,-2.2700000000000005,5.55,7.82,36,27,36,lig_hif2a_84,lig_hif2a_57
hif2a,9,2,/home/yujie/leadopt/data/test_set_fep+_graph_rmH_I/hif2a/lig_hif2a_30.pkl,/home/yujie/leadopt/data/test_set_fep+_graph_rmH_I/hif2a/lig_hif2a_57.pkl,-0.08,7.74,7.82,37,27,37,lig_hif2a_30,lig_hif2a_57
hif2a,9,2,/home/yujie/leadopt/data/test_set_fep+_graph_rmH_I/hif2a/lig_hif2a_155.pkl,/home/yujie/leadopt/data/test_set_fep+_graph_rmH_I/hif2a/lig_hif2a_57.pkl,-0.1200000000000001,7.7,7.82,38,27,38,lig_hif2a_155,lig_hif2a_57
hif2a,9,2,/home/yujie/leadopt/data/test_set_fep+_graph_rmH_I/hif2a/lig_hif2a_156.pkl,/home/yujie/leadopt/data/test_set_fep+_graph_rmH_I/hif2a/lig_hif2a_57.pkl,-0.6800000000000006,7.14,7.82,39,27,39,lig_hif2a_156,lig_hif2a_57
hif2a,9,2,/home/yujie/leadopt/data/test_set_fep+_graph_rmH_I/hif2a/lig_hif2a_231.pkl,/home/yujie/leadopt/data/test_set_fep+_graph_rmH_I/hif2a/lig_hif2a_57.pkl,-0.4700000000000006,7.35,7.82,40,27,40,lig_hif2a_231,lig_hif2a_57
hif2a,9,2,/home/yujie/leadopt/data/test_set_fep+_graph_rmH_I/hif2a/lig_hif2a_50.pkl,/home/yujie/leadopt/data/test_set_fep+_graph_rmH_I/hif2a/lig_hif2a_57.pkl,-0.71,7.11,7.82,41,27,41,lig_hif2a_50,lig_hif2a_57
hif2a,9,3,/home/yujie/leadopt/data/test_set_fep+_graph_rmH_I/hif2a/lig_hif2a_25.pkl,/home/yujie/leadopt/data/test_set_fep+_graph_rmH_I/hif2a/lig_hif2a_7a.pkl,0.2099999999999999,7.54,7.33,0,31,31,lig_hif2a_25,lig_hif2a_7a
hif2a,9,3,/home/yujie/leadopt/data/test_set_fep+_graph_rmH_I/hif2a/lig_hif2a_61.pkl,/home/yujie/leadopt/data/test_set_fep+_graph_rmH_I/hif2a/lig_hif2a_7a.pkl,0.08,7.41,7.33,1,31,31,lig_hif2a_61,lig_hif2a_7a
hif2a,9,3,/home/yujie/leadopt/data/test_set_fep+_graph_rmH_I/hif2a/lig_hif2a_206.pkl,/home/yujie/leadopt/data/test_set_fep+_graph_rmH_I/hif2a/lig_hif2a_7a.pkl,0.0899999999999998,7.42,7.33,4,31,31,lig_hif2a_206,lig_hif2a_7a
hif2a,9,3,/home/yujie/leadopt/data/test_set_fep+_graph_rmH_I/hif2a/lig_hif2a_23.pkl,/home/yujie/leadopt/data/test_set_fep+_graph_rmH_I/hif2a/lig_hif2a_7a.pkl,-2.1500000000000004,5.18,7.33,5,31,31,lig_hif2a_23,lig_hif2a_7a
hif2a,9,3,/home/yujie/leadopt/data/test_set_fep+_graph_rmH_I/hif2a/lig_hif2a_224.pkl,/home/yujie/leadopt/data/test_set_fep+_graph_rmH_I/hif2a/lig_hif2a_7a.pkl,-0.25,7.08,7.33,7,31,31,lig_hif2a_224,lig_hif2a_7a
hif2a,9,3,/home/yujie/leadopt/data/test_set_fep+_graph_rmH_I/hif2a/lig_hif2a_15.pkl,/home/yujie/leadopt/data/test_set_fep+_graph_rmH_I/hif2a/lig_hif2a_7a.pkl,0.7699999999999996,8.1,7.33,8,31,31,lig_hif2a_15,lig_hif2a_7a
hif2a,9,3,/home/yujie/leadopt/data/test_set_fep+_graph_rmH_I/hif2a/lig_hif2a_165.pkl,/home/yujie/leadopt/data/test_set_fep+_graph_rmH_I/hif2a/lig_hif2a_7a.pkl,-0.5600000000000005,6.77,7.33,9,31,31,lig_hif2a_165,lig_hif2a_7a
hif2a,9,3,/home/yujie/leadopt/data/test_set_fep+_graph_rmH_I/hif2a/lig_hif2a_35.pkl,/home/yujie/leadopt/data/test_set_fep+_graph_rmH_I/hif2a/lig_hif2a_7a.pkl,-2.09,5.24,7.33,11,31,31,lig_hif2a_35,lig_hif2a_7a
hif2a,9,3,/home/yujie/leadopt/data/test_set_fep+_graph_rmH_I/hif2a/lig_hif2a_289.pkl,/home/yujie/leadopt/data/test_set_fep+_graph_rmH_I/hif2a/lig_hif2a_7a.pkl,0.6699999999999999,8.0,7.33,12,31,31,lig_hif2a_289,lig_hif2a_7a
hif2a,9,3,/home/yujie/leadopt/data/test_set_fep+_graph_rmH_I/hif2a/lig_hif2a_215.pkl,/home/yujie/leadopt/data/test_set_fep+_graph_rmH_I/hif2a/lig_hif2a_7a.pkl,0.4399999999999995,7.77,7.33,13,31,31,lig_hif2a_215,lig_hif2a_7a
hif2a,9,3,/home/yujie/leadopt/data/test_set_fep+_graph_rmH_I/hif2a/lig_hif2a_124.pkl,/home/yujie/leadopt/data/test_set_fep+_graph_rmH_I/hif2a/lig_hif2a_7a.pkl,0.0899999999999998,7.42,7.33,14,31,31,lig_hif2a_124,lig_hif2a_7a
hif2a,9,3,/home/yujie/leadopt/data/test_set_fep+_graph_rmH_I/hif2a/lig_hif2a_227.pkl,/home/yujie/leadopt/data/test_set_fep+_graph_rmH_I/hif2a/lig_hif2a_7a.pkl,0.5599999999999996,7.89,7.33,15,31,31,lig_hif2a_227,lig_hif2a_7a
hif2a,9,3,/home/yujie/leadopt/data/test_set_fep+_graph_rmH_I/hif2a/lig_hif2a_42.pkl,/home/yujie/leadopt/data/test_set_fep+_graph_rmH_I/hif2a/lig_hif2a_7a.pkl,-0.7800000000000002,6.55,7.33,17,31,31,lig_hif2a_42,lig_hif2a_7a
hif2a,9,3,/home/yujie/leadopt/data/test_set_fep+_graph_rmH_I/hif2a/lig_hif2a_252.pkl,/home/yujie/leadopt/data/test_set_fep+_graph_rmH_I/hif2a/lig_hif2a_7a.pkl,-0.2099999999999999,7.12,7.33,18,31,31,lig_hif2a_252,lig_hif2a_7a
hif2a,9,3,/home/yujie/leadopt/data/test_set_fep+_graph_rmH_I/hif2a/lig_hif2a_254.pkl,/home/yujie/leadopt/data/test_set_fep+_graph_rmH_I/hif2a/lig_hif2a_7a.pkl,-0.33,7.0,7.33,19,31,31,lig_hif2a_254,lig_hif2a_7a
hif2a,9,3,/home/yujie/leadopt/data/test_set_fep+_graph_rmH_I/hif2a/lig_hif2a_235.pkl,/home/yujie/leadopt/data/test_set_fep+_graph_rmH_I/hif2a/lig_hif2a_7a.pkl,0.0899999999999998,7.42,7.33,20,31,31,lig_hif2a_235,lig_hif2a_7a
hif2a,9,3,/home/yujie/leadopt/data/test_set_fep+_graph_rmH_I/hif2a/lig_hif2a_237.pkl,/home/yujie/leadopt/data/test_set_fep+_graph_rmH_I/hif2a/lig_hif2a_7a.pkl,-0.33,7.0,7.33,21,31,31,lig_hif2a_237,lig_hif2a_7a
hif2a,9,3,/home/yujie/leadopt/data/test_set_fep+_graph_rmH_I/hif2a/lig_hif2a_336.pkl,/home/yujie/leadopt/data/test_set_fep+_graph_rmH_I/hif2a/lig_hif2a_7a.pkl,-0.1299999999999999,7.2,7.33,22,31,31,lig_hif2a_336,lig_hif2a_7a
hif2a,9,3,/home/yujie/leadopt/data/test_set_fep+_graph_rmH_I/hif2a/lig_hif2a_31.pkl,/home/yujie/leadopt/data/test_set_fep+_graph_rmH_I/hif2a/lig_hif2a_7a.pkl,-0.8499999999999996,6.48,7.33,24,31,31,lig_hif2a_31,lig_hif2a_7a
hif2a,9,3,/home/yujie/leadopt/data/test_set_fep+_graph_rmH_I/hif2a/lig_hif2a_251.pkl,/home/yujie/leadopt/data/test_set_fep+_graph_rmH_I/hif2a/lig_hif2a_7a.pkl,0.1799999999999997,7.51,7.33,25,31,31,lig_hif2a_251,lig_hif2a_7a
hif2a,9,3,/home/yujie/leadopt/data/test_set_fep+_graph_rmH_I/hif2a/lig_hif2a_1.pkl,/home/yujie/leadopt/data/test_set_fep+_graph_rmH_I/hif2a/lig_hif2a_7a.pkl,0.9700000000000006,8.3,7.33,28,31,31,lig_hif2a_1,lig_hif2a_7a
hif2a,9,3,/home/yujie/leadopt/data/test_set_fep+_graph_rmH_I/hif2a/lig_hif2a_43.pkl,/home/yujie/leadopt/data/test_set_fep+_graph_rmH_I/hif2a/lig_hif2a_7a.pkl,-0.9500000000000002,6.38,7.33,30,31,31,lig_hif2a_43,lig_hif2a_7a
hif2a,9,3,/home/yujie/leadopt/data/test_set_fep+_graph_rmH_I/hif2a/lig_hif2a_167.pkl,/home/yujie/leadopt/data/test_set_fep+_graph_rmH_I/hif2a/lig_hif2a_7a.pkl,0.4900000000000002,7.82,7.33,32,31,32,lig_hif2a_167,lig_hif2a_7a
hif2a,9,3,/home/yujie/leadopt/data/test_set_fep+_graph_rmH_I/hif2a/lig_hif2a_41.pkl,/home/yujie/leadopt/data/test_set_fep+_graph_rmH_I/hif2a/lig_hif2a_7a.pkl,-0.1600000000000001,7.17,7.33,33,31,33,lig_hif2a_41,lig_hif2a_7a
hif2a,9,3,/home/yujie/leadopt/data/test_set_fep+_graph_rmH_I/hif2a/lig_hif2a_338.pkl,/home/yujie/leadopt/data/test_set_fep+_graph_rmH_I/hif2a/lig_hif2a_7a.pkl,0.5599999999999996,7.89,7.33,34,31,34,lig_hif2a_338,lig_hif2a_7a
hif2a,9,3,/home/yujie/leadopt/data/test_set_fep+_graph_rmH_I/hif2a/lig_hif2a_234.pkl,/home/yujie/leadopt/data/test_set_fep+_graph_rmH_I/hif2a/lig_hif2a_7a.pkl,0.2599999999999998,7.59,7.33,35,31,35,lig_hif2a_234,lig_hif2a_7a
hif2a,9,3,/home/yujie/leadopt/data/test_set_fep+_graph_rmH_I/hif2a/lig_hif2a_84.pkl,/home/yujie/leadopt/data/test_set_fep+_graph_rmH_I/hif2a/lig_hif2a_7a.pkl,-1.7800000000000002,5.55,7.33,36,31,36,lig_hif2a_84,lig_hif2a_7a
hif2a,9,3,/home/yujie/leadopt/data/test_set_fep+_graph_rmH_I/hif2a/lig_hif2a_30.pkl,/home/yujie/leadopt/data/test_set_fep+_graph_rmH_I/hif2a/lig_hif2a_7a.pkl,0.4100000000000001,7.74,7.33,37,31,37,lig_hif2a_30,lig_hif2a_7a
hif2a,9,3,/home/yujie/leadopt/data/test_set_fep+_graph_rmH_I/hif2a/lig_hif2a_155.pkl,/home/yujie/leadopt/data/test_set_fep+_graph_rmH_I/hif2a/lig_hif2a_7a.pkl,0.3700000000000001,7.7,7.33,38,31,38,lig_hif2a_155,lig_hif2a_7a
hif2a,9,3,/home/yujie/leadopt/data/test_set_fep+_graph_rmH_I/hif2a/lig_hif2a_156.pkl,/home/yujie/leadopt/data/test_set_fep+_graph_rmH_I/hif2a/lig_hif2a_7a.pkl,-0.1900000000000004,7.14,7.33,39,31,39,lig_hif2a_156,lig_hif2a_7a
hif2a,9,3,/home/yujie/leadopt/data/test_set_fep+_graph_rmH_I/hif2a/lig_hif2a_231.pkl,/home/yujie/leadopt/data/test_set_fep+_graph_rmH_I/hif2a/lig_hif2a_7a.pkl,0.0199999999999995,7.35,7.33,40,31,40,lig_hif2a_231,lig_hif2a_7a
hif2a,9,3,/home/yujie/leadopt/data/test_set_fep+_graph_rmH_I/hif2a/lig_hif2a_50.pkl,/home/yujie/leadopt/data/test_set_fep+_graph_rmH_I/hif2a/lig_hif2a_7a.pkl,-0.2199999999999997,7.11,7.33,41,31,41,lig_hif2a_50,lig_hif2a_7a
hif2a,9,4,/home/yujie/leadopt/data/test_set_fep+_graph_rmH_I/hif2a/lig_hif2a_25.pkl,/home/yujie/leadopt/data/test_set_fep+_graph_rmH_I/hif2a/lig_hif2a_7b.pkl,2.12,7.54,5.42,0,16,16,lig_hif2a_25,lig_hif2a_7b
hif2a,9,4,/home/yujie/leadopt/data/test_set_fep+_graph_rmH_I/hif2a/lig_hif2a_61.pkl,/home/yujie/leadopt/data/test_set_fep+_graph_rmH_I/hif2a/lig_hif2a_7b.pkl,1.99,7.41,5.42,1,16,16,lig_hif2a_61,lig_hif2a_7b
hif2a,9,4,/home/yujie/leadopt/data/test_set_fep+_graph_rmH_I/hif2a/lig_hif2a_206.pkl,/home/yujie/leadopt/data/test_set_fep+_graph_rmH_I/hif2a/lig_hif2a_7b.pkl,2.0,7.42,5.42,4,16,16,lig_hif2a_206,lig_hif2a_7b
hif2a,9,4,/home/yujie/leadopt/data/test_set_fep+_graph_rmH_I/hif2a/lig_hif2a_23.pkl,/home/yujie/leadopt/data/test_set_fep+_graph_rmH_I/hif2a/lig_hif2a_7b.pkl,-0.2400000000000002,5.18,5.42,5,16,16,lig_hif2a_23,lig_hif2a_7b
hif2a,9,4,/home/yujie/leadopt/data/test_set_fep+_graph_rmH_I/hif2a/lig_hif2a_224.pkl,/home/yujie/leadopt/data/test_set_fep+_graph_rmH_I/hif2a/lig_hif2a_7b.pkl,1.66,7.08,5.42,7,16,16,lig_hif2a_224,lig_hif2a_7b
hif2a,9,4,/home/yujie/leadopt/data/test_set_fep+_graph_rmH_I/hif2a/lig_hif2a_15.pkl,/home/yujie/leadopt/data/test_set_fep+_graph_rmH_I/hif2a/lig_hif2a_7b.pkl,2.68,8.1,5.42,8,16,16,lig_hif2a_15,lig_hif2a_7b
hif2a,9,4,/home/yujie/leadopt/data/test_set_fep+_graph_rmH_I/hif2a/lig_hif2a_165.pkl,/home/yujie/leadopt/data/test_set_fep+_graph_rmH_I/hif2a/lig_hif2a_7b.pkl,1.3499999999999996,6.77,5.42,9,16,16,lig_hif2a_165,lig_hif2a_7b
hif2a,9,4,/home/yujie/leadopt/data/test_set_fep+_graph_rmH_I/hif2a/lig_hif2a_35.pkl,/home/yujie/leadopt/data/test_set_fep+_graph_rmH_I/hif2a/lig_hif2a_7b.pkl,-0.1799999999999997,5.24,5.42,11,16,16,lig_hif2a_35,lig_hif2a_7b
hif2a,9,4,/home/yujie/leadopt/data/test_set_fep+_graph_rmH_I/hif2a/lig_hif2a_289.pkl,/home/yujie/leadopt/data/test_set_fep+_graph_rmH_I/hif2a/lig_hif2a_7b.pkl,2.58,8.0,5.42,12,16,16,lig_hif2a_289,lig_hif2a_7b
hif2a,9,4,/home/yujie/leadopt/data/test_set_fep+_graph_rmH_I/hif2a/lig_hif2a_215.pkl,/home/yujie/leadopt/data/test_set_fep+_graph_rmH_I/hif2a/lig_hif2a_7b.pkl,2.35,7.77,5.42,13,16,16,lig_hif2a_215,lig_hif2a_7b
hif2a,9,4,/home/yujie/leadopt/data/test_set_fep+_graph_rmH_I/hif2a/lig_hif2a_124.pkl,/home/yujie/leadopt/data/test_set_fep+_graph_rmH_I/hif2a/lig_hif2a_7b.pkl,2.0,7.42,5.42,14,16,16,lig_hif2a_124,lig_hif2a_7b
hif2a,9,4,/home/yujie/leadopt/data/test_set_fep+_graph_rmH_I/hif2a/lig_hif2a_227.pkl,/home/yujie/leadopt/data/test_set_fep+_graph_rmH_I/hif2a/lig_hif2a_7b.pkl,2.47,7.89,5.42,15,16,16,lig_hif2a_227,lig_hif2a_7b
hif2a,9,4,/home/yujie/leadopt/data/test_set_fep+_graph_rmH_I/hif2a/lig_hif2a_42.pkl,/home/yujie/leadopt/data/test_set_fep+_graph_rmH_I/hif2a/lig_hif2a_7b.pkl,1.13,6.55,5.42,17,16,17,lig_hif2a_42,lig_hif2a_7b
hif2a,9,4,/home/yujie/leadopt/data/test_set_fep+_graph_rmH_I/hif2a/lig_hif2a_252.pkl,/home/yujie/leadopt/data/test_set_fep+_graph_rmH_I/hif2a/lig_hif2a_7b.pkl,1.7000000000000002,7.12,5.42,18,16,18,lig_hif2a_252,lig_hif2a_7b
hif2a,9,4,/home/yujie/leadopt/data/test_set_fep+_graph_rmH_I/hif2a/lig_hif2a_254.pkl,/home/yujie/leadopt/data/test_set_fep+_graph_rmH_I/hif2a/lig_hif2a_7b.pkl,1.58,7.0,5.42,19,16,19,lig_hif2a_254,lig_hif2a_7b
hif2a,9,4,/home/yujie/leadopt/data/test_set_fep+_graph_rmH_I/hif2a/lig_hif2a_235.pkl,/home/yujie/leadopt/data/test_set_fep+_graph_rmH_I/hif2a/lig_hif2a_7b.pkl,2.0,7.42,5.42,20,16,20,lig_hif2a_235,lig_hif2a_7b
hif2a,9,4,/home/yujie/leadopt/data/test_set_fep+_graph_rmH_I/hif2a/lig_hif2a_237.pkl,/home/yujie/leadopt/data/test_set_fep+_graph_rmH_I/hif2a/lig_hif2a_7b.pkl,1.58,7.0,5.42,21,16,21,lig_hif2a_237,lig_hif2a_7b
hif2a,9,4,/home/yujie/leadopt/data/test_set_fep+_graph_rmH_I/hif2a/lig_hif2a_336.pkl,/home/yujie/leadopt/data/test_set_fep+_graph_rmH_I/hif2a/lig_hif2a_7b.pkl,1.7800000000000002,7.2,5.42,22,16,22,lig_hif2a_336,lig_hif2a_7b
hif2a,9,4,/home/yujie/leadopt/data/test_set_fep+_graph_rmH_I/hif2a/lig_hif2a_31.pkl,/home/yujie/leadopt/data/test_set_fep+_graph_rmH_I/hif2a/lig_hif2a_7b.pkl,1.0600000000000005,6.48,5.42,24,16,24,lig_hif2a_31,lig_hif2a_7b
hif2a,9,4,/home/yujie/leadopt/data/test_set_fep+_graph_rmH_I/hif2a/lig_hif2a_251.pkl,/home/yujie/leadopt/data/test_set_fep+_graph_rmH_I/hif2a/lig_hif2a_7b.pkl,2.09,7.51,5.42,25,16,25,lig_hif2a_251,lig_hif2a_7b
hif2a,9,4,/home/yujie/leadopt/data/test_set_fep+_graph_rmH_I/hif2a/lig_hif2a_1.pkl,/home/yujie/leadopt/data/test_set_fep+_graph_rmH_I/hif2a/lig_hif2a_7b.pkl,2.880000000000001,8.3,5.42,28,16,28,lig_hif2a_1,lig_hif2a_7b
hif2a,9,4,/home/yujie/leadopt/data/test_set_fep+_graph_rmH_I/hif2a/lig_hif2a_43.pkl,/home/yujie/leadopt/data/test_set_fep+_graph_rmH_I/hif2a/lig_hif2a_7b.pkl,0.96,6.38,5.42,30,16,30,lig_hif2a_43,lig_hif2a_7b
hif2a,9,4,/home/yujie/leadopt/data/test_set_fep+_graph_rmH_I/hif2a/lig_hif2a_167.pkl,/home/yujie/leadopt/data/test_set_fep+_graph_rmH_I/hif2a/lig_hif2a_7b.pkl,2.4000000000000004,7.82,5.42,32,16,32,lig_hif2a_167,lig_hif2a_7b
hif2a,9,4,/home/yujie/leadopt/data/test_set_fep+_graph_rmH_I/hif2a/lig_hif2a_41.pkl,/home/yujie/leadopt/data/test_set_fep+_graph_rmH_I/hif2a/lig_hif2a_7b.pkl,1.75,7.17,5.42,33,16,33,lig_hif2a_41,lig_hif2a_7b
hif2a,9,4,/home/yujie/leadopt/data/test_set_fep+_graph_rmH_I/hif2a/lig_hif2a_338.pkl,/home/yujie/leadopt/data/test_set_fep+_graph_rmH_I/hif2a/lig_hif2a_7b.pkl,2.47,7.89,5.42,34,16,34,lig_hif2a_338,lig_hif2a_7b
hif2a,9,4,/home/yujie/leadopt/data/test_set_fep+_graph_rmH_I/hif2a/lig_hif2a_234.pkl,/home/yujie/leadopt/data/test_set_fep+_graph_rmH_I/hif2a/lig_hif2a_7b.pkl,2.17,7.59,5.42,35,16,35,lig_hif2a_234,lig_hif2a_7b
hif2a,9,4,/home/yujie/leadopt/data/test_set_fep+_graph_rmH_I/hif2a/lig_hif2a_84.pkl,/home/yujie/leadopt/data/test_set_fep+_graph_rmH_I/hif2a/lig_hif2a_7b.pkl,0.1299999999999999,5.55,5.42,36,16,36,lig_hif2a_84,lig_hif2a_7b
hif2a,9,4,/home/yujie/leadopt/data/test_set_fep+_graph_rmH_I/hif2a/lig_hif2a_30.pkl,/home/yujie/leadopt/data/test_set_fep+_graph_rmH_I/hif2a/lig_hif2a_7b.pkl,2.3200000000000003,7.74,5.42,37,16,37,lig_hif2a_30,lig_hif2a_7b
hif2a,9,4,/home/yujie/leadopt/data/test_set_fep+_graph_rmH_I/hif2a/lig_hif2a_155.pkl,/home/yujie/leadopt/data/test_set_fep+_graph_rmH_I/hif2a/lig_hif2a_7b.pkl,2.28,7.7,5.42,38,16,38,lig_hif2a_155,lig_hif2a_7b
hif2a,9,4,/home/yujie/leadopt/data/test_set_fep+_graph_rmH_I/hif2a/lig_hif2a_156.pkl,/home/yujie/leadopt/data/test_set_fep+_graph_rmH_I/hif2a/lig_hif2a_7b.pkl,1.7199999999999998,7.14,5.42,39,16,39,lig_hif2a_156,lig_hif2a_7b
hif2a,9,4,/home/yujie/leadopt/data/test_set_fep+_graph_rmH_I/hif2a/lig_hif2a_231.pkl,/home/yujie/leadopt/data/test_set_fep+_graph_rmH_I/hif2a/lig_hif2a_7b.pkl,1.93,7.35,5.42,40,16,40,lig_hif2a_231,lig_hif2a_7b
hif2a,9,4,/home/yujie/leadopt/data/test_set_fep+_graph_rmH_I/hif2a/lig_hif2a_50.pkl,/home/yujie/leadopt/data/test_set_fep+_graph_rmH_I/hif2a/lig_hif2a_7b.pkl,1.6900000000000004,7.11,5.42,41,16,41,lig_hif2a_50,lig_hif2a_7b
hif2a,9,5,/home/yujie/leadopt/data/test_set_fep+_graph_rmH_I/hif2a/lig_hif2a_25.pkl,/home/yujie/leadopt/data/test_set_fep+_graph_rmH_I/hif2a/lig_hif2a_163.pkl,-0.5300000000000002,7.54,8.07,0,2,2,lig_hif2a_25,lig_hif2a_163
hif2a,9,5,/home/yujie/leadopt/data/test_set_fep+_graph_rmH_I/hif2a/lig_hif2a_61.pkl,/home/yujie/leadopt/data/test_set_fep+_graph_rmH_I/hif2a/lig_hif2a_163.pkl,-0.6600000000000001,7.41,8.07,1,2,2,lig_hif2a_61,lig_hif2a_163
hif2a,9,5,/home/yujie/leadopt/data/test_set_fep+_graph_rmH_I/hif2a/lig_hif2a_206.pkl,/home/yujie/leadopt/data/test_set_fep+_graph_rmH_I/hif2a/lig_hif2a_163.pkl,-0.6500000000000004,7.42,8.07,4,2,4,lig_hif2a_206,lig_hif2a_163
hif2a,9,5,/home/yujie/leadopt/data/test_set_fep+_graph_rmH_I/hif2a/lig_hif2a_23.pkl,/home/yujie/leadopt/data/test_set_fep+_graph_rmH_I/hif2a/lig_hif2a_163.pkl,-2.890000000000001,5.18,8.07,5,2,5,lig_hif2a_23,lig_hif2a_163
hif2a,9,5,/home/yujie/leadopt/data/test_set_fep+_graph_rmH_I/hif2a/lig_hif2a_224.pkl,/home/yujie/leadopt/data/test_set_fep+_graph_rmH_I/hif2a/lig_hif2a_163.pkl,-0.9900000000000002,7.08,8.07,7,2,7,lig_hif2a_224,lig_hif2a_163
hif2a,9,5,/home/yujie/leadopt/data/test_set_fep+_graph_rmH_I/hif2a/lig_hif2a_15.pkl,/home/yujie/leadopt/data/test_set_fep+_graph_rmH_I/hif2a/lig_hif2a_163.pkl,0.0299999999999993,8.1,8.07,8,2,8,lig_hif2a_15,lig_hif2a_163
hif2a,9,5,/home/yujie/leadopt/data/test_set_fep+_graph_rmH_I/hif2a/lig_hif2a_165.pkl,/home/yujie/leadopt/data/test_set_fep+_graph_rmH_I/hif2a/lig_hif2a_163.pkl,-1.3000000000000007,6.77,8.07,9,2,9,lig_hif2a_165,lig_hif2a_163
hif2a,9,5,/home/yujie/leadopt/data/test_set_fep+_graph_rmH_I/hif2a/lig_hif2a_35.pkl,/home/yujie/leadopt/data/test_set_fep+_graph_rmH_I/hif2a/lig_hif2a_163.pkl,-2.83,5.24,8.07,11,2,11,lig_hif2a_35,lig_hif2a_163
hif2a,9,5,/home/yujie/leadopt/data/test_set_fep+_graph_rmH_I/hif2a/lig_hif2a_289.pkl,/home/yujie/leadopt/data/test_set_fep+_graph_rmH_I/hif2a/lig_hif2a_163.pkl,-0.0700000000000002,8.0,8.07,12,2,12,lig_hif2a_289,lig_hif2a_163
hif2a,9,5,/home/yujie/leadopt/data/test_set_fep+_graph_rmH_I/hif2a/lig_hif2a_215.pkl,/home/yujie/leadopt/data/test_set_fep+_graph_rmH_I/hif2a/lig_hif2a_163.pkl,-0.3000000000000007,7.77,8.07,13,2,13,lig_hif2a_215,lig_hif2a_163
hif2a,9,5,/home/yujie/leadopt/data/test_set_fep+_graph_rmH_I/hif2a/lig_hif2a_124.pkl,/home/yujie/leadopt/data/test_set_fep+_graph_rmH_I/hif2a/lig_hif2a_163.pkl,-0.6500000000000004,7.42,8.07,14,2,14,lig_hif2a_124,lig_hif2a_163
hif2a,9,5,/home/yujie/leadopt/data/test_set_fep+_graph_rmH_I/hif2a/lig_hif2a_227.pkl,/home/yujie/leadopt/data/test_set_fep+_graph_rmH_I/hif2a/lig_hif2a_163.pkl,-0.1800000000000006,7.89,8.07,15,2,15,lig_hif2a_227,lig_hif2a_163
hif2a,9,5,/home/yujie/leadopt/data/test_set_fep+_graph_rmH_I/hif2a/lig_hif2a_42.pkl,/home/yujie/leadopt/data/test_set_fep+_graph_rmH_I/hif2a/lig_hif2a_163.pkl,-1.5200000000000005,6.55,8.07,17,2,17,lig_hif2a_42,lig_hif2a_163
hif2a,9,5,/home/yujie/leadopt/data/test_set_fep+_graph_rmH_I/hif2a/lig_hif2a_252.pkl,/home/yujie/leadopt/data/test_set_fep+_graph_rmH_I/hif2a/lig_hif2a_163.pkl,-0.9500000000000002,7.12,8.07,18,2,18,lig_hif2a_252,lig_hif2a_163
hif2a,9,5,/home/yujie/leadopt/data/test_set_fep+_graph_rmH_I/hif2a/lig_hif2a_254.pkl,/home/yujie/leadopt/data/test_set_fep+_graph_rmH_I/hif2a/lig_hif2a_163.pkl,-1.0700000000000005,7.0,8.07,19,2,19,lig_hif2a_254,lig_hif2a_163
hif2a,9,5,/home/yujie/leadopt/data/test_set_fep+_graph_rmH_I/hif2a/lig_hif2a_235.pkl,/home/yujie/leadopt/data/test_set_fep+_graph_rmH_I/hif2a/lig_hif2a_163.pkl,-0.6500000000000004,7.42,8.07,20,2,20,lig_hif2a_235,lig_hif2a_163
hif2a,9,5,/home/yujie/leadopt/data/test_set_fep+_graph_rmH_I/hif2a/lig_hif2a_237.pkl,/home/yujie/leadopt/data/test_set_fep+_graph_rmH_I/hif2a/lig_hif2a_163.pkl,-1.0700000000000005,7.0,8.07,21,2,21,lig_hif2a_237,lig_hif2a_163
hif2a,9,5,/home/yujie/leadopt/data/test_set_fep+_graph_rmH_I/hif2a/lig_hif2a_336.pkl,/home/yujie/leadopt/data/test_set_fep+_graph_rmH_I/hif2a/lig_hif2a_163.pkl,-0.8700000000000001,7.2,8.07,22,2,22,lig_hif2a_336,lig_hif2a_163
hif2a,9,5,/home/yujie/leadopt/data/test_set_fep+_graph_rmH_I/hif2a/lig_hif2a_31.pkl,/home/yujie/leadopt/data/test_set_fep+_graph_rmH_I/hif2a/lig_hif2a_163.pkl,-1.59,6.48,8.07,24,2,24,lig_hif2a_31,lig_hif2a_163
hif2a,9,5,/home/yujie/leadopt/data/test_set_fep+_graph_rmH_I/hif2a/lig_hif2a_251.pkl,/home/yujie/leadopt/data/test_set_fep+_graph_rmH_I/hif2a/lig_hif2a_163.pkl,-0.5600000000000005,7.51,8.07,25,2,25,lig_hif2a_251,lig_hif2a_163
hif2a,9,5,/home/yujie/leadopt/data/test_set_fep+_graph_rmH_I/hif2a/lig_hif2a_1.pkl,/home/yujie/leadopt/data/test_set_fep+_graph_rmH_I/hif2a/lig_hif2a_163.pkl,0.2300000000000004,8.3,8.07,28,2,28,lig_hif2a_1,lig_hif2a_163
hif2a,9,5,/home/yujie/leadopt/data/test_set_fep+_graph_rmH_I/hif2a/lig_hif2a_43.pkl,/home/yujie/leadopt/data/test_set_fep+_graph_rmH_I/hif2a/lig_hif2a_163.pkl,-1.6900000000000004,6.38,8.07,30,2,30,lig_hif2a_43,lig_hif2a_163
hif2a,9,5,/home/yujie/leadopt/data/test_set_fep+_graph_rmH_I/hif2a/lig_hif2a_167.pkl,/home/yujie/leadopt/data/test_set_fep+_graph_rmH_I/hif2a/lig_hif2a_163.pkl,-0.25,7.82,8.07,32,2,32,lig_hif2a_167,lig_hif2a_163
hif2a,9,5,/home/yujie/leadopt/data/test_set_fep+_graph_rmH_I/hif2a/lig_hif2a_41.pkl,/home/yujie/leadopt/data/test_set_fep+_graph_rmH_I/hif2a/lig_hif2a_163.pkl,-0.9000000000000004,7.17,8.07,33,2,33,lig_hif2a_41,lig_hif2a_163
hif2a,9,5,/home/yujie/leadopt/data/test_set_fep+_graph_rmH_I/hif2a/lig_hif2a_338.pkl,/home/yujie/leadopt/data/test_set_fep+_graph_rmH_I/hif2a/lig_hif2a_163.pkl,-0.1800000000000006,7.89,8.07,34,2,34,lig_hif2a_338,lig_hif2a_163
hif2a,9,5,/home/yujie/leadopt/data/test_set_fep+_graph_rmH_I/hif2a/lig_hif2a_234.pkl,/home/yujie/leadopt/data/test_set_fep+_graph_rmH_I/hif2a/lig_hif2a_163.pkl,-0.4800000000000004,7.59,8.07,35,2,35,lig_hif2a_234,lig_hif2a_163
hif2a,9,5,/home/yujie/leadopt/data/test_set_fep+_graph_rmH_I/hif2a/lig_hif2a_84.pkl,/home/yujie/leadopt/data/test_set_fep+_graph_rmH_I/hif2a/lig_hif2a_163.pkl,-2.5200000000000005,5.55,8.07,36,2,36,lig_hif2a_84,lig_hif2a_163
hif2a,9,5,/home/yujie/leadopt/data/test_set_fep+_graph_rmH_I/hif2a/lig_hif2a_30.pkl,/home/yujie/leadopt/data/test_set_fep+_graph_rmH_I/hif2a/lig_hif2a_163.pkl,-0.33,7.74,8.07,37,2,37,lig_hif2a_30,lig_hif2a_163
hif2a,9,5,/home/yujie/leadopt/data/test_set_fep+_graph_rmH_I/hif2a/lig_hif2a_155.pkl,/home/yujie/leadopt/data/test_set_fep+_graph_rmH_I/hif2a/lig_hif2a_163.pkl,-0.3700000000000001,7.7,8.07,38,2,38,lig_hif2a_155,lig_hif2a_163
hif2a,9,5,/home/yujie/leadopt/data/test_set_fep+_graph_rmH_I/hif2a/lig_hif2a_156.pkl,/home/yujie/leadopt/data/test_set_fep+_graph_rmH_I/hif2a/lig_hif2a_163.pkl,-0.9300000000000006,7.14,8.07,39,2,39,lig_hif2a_156,lig_hif2a_163
hif2a,9,5,/home/yujie/leadopt/data/test_set_fep+_graph_rmH_I/hif2a/lig_hif2a_231.pkl,/home/yujie/leadopt/data/test_set_fep+_graph_rmH_I/hif2a/lig_hif2a_163.pkl,-0.7200000000000006,7.35,8.07,40,2,40,lig_hif2a_231,lig_hif2a_163
hif2a,9,5,/home/yujie/leadopt/data/test_set_fep+_graph_rmH_I/hif2a/lig_hif2a_50.pkl,/home/yujie/leadopt/data/test_set_fep+_graph_rmH_I/hif2a/lig_hif2a_163.pkl,-0.96,7.11,8.07,41,2,41,lig_hif2a_50,lig_hif2a_163
hif2a,9,6,/home/yujie/leadopt/data/test_set_fep+_graph_rmH_I/hif2a/lig_hif2a_25.pkl,/home/yujie/leadopt/data/test_set_fep+_graph_rmH_I/hif2a/lig_hif2a_54.pkl,0.7199999999999998,7.54,6.82,0,23,23,lig_hif2a_25,lig_hif2a_54
hif2a,9,6,/home/yujie/leadopt/data/test_set_fep+_graph_rmH_I/hif2a/lig_hif2a_61.pkl,/home/yujie/leadopt/data/test_set_fep+_graph_rmH_I/hif2a/lig_hif2a_54.pkl,0.5899999999999999,7.41,6.82,1,23,23,lig_hif2a_61,lig_hif2a_54
hif2a,9,6,/home/yujie/leadopt/data/test_set_fep+_graph_rmH_I/hif2a/lig_hif2a_206.pkl,/home/yujie/leadopt/data/test_set_fep+_graph_rmH_I/hif2a/lig_hif2a_54.pkl,0.5999999999999996,7.42,6.82,4,23,23,lig_hif2a_206,lig_hif2a_54
hif2a,9,6,/home/yujie/leadopt/data/test_set_fep+_graph_rmH_I/hif2a/lig_hif2a_23.pkl,/home/yujie/leadopt/data/test_set_fep+_graph_rmH_I/hif2a/lig_hif2a_54.pkl,-1.6400000000000006,5.18,6.82,5,23,23,lig_hif2a_23,lig_hif2a_54
hif2a,9,6,/home/yujie/leadopt/data/test_set_fep+_graph_rmH_I/hif2a/lig_hif2a_224.pkl,/home/yujie/leadopt/data/test_set_fep+_graph_rmH_I/hif2a/lig_hif2a_54.pkl,0.2599999999999998,7.08,6.82,7,23,23,lig_hif2a_224,lig_hif2a_54
hif2a,9,6,/home/yujie/leadopt/data/test_set_fep+_graph_rmH_I/hif2a/lig_hif2a_15.pkl,/home/yujie/leadopt/data/test_set_fep+_graph_rmH_I/hif2a/lig_hif2a_54.pkl,1.2799999999999994,8.1,6.82,8,23,23,lig_hif2a_15,lig_hif2a_54
hif2a,9,6,/home/yujie/leadopt/data/test_set_fep+_graph_rmH_I/hif2a/lig_hif2a_165.pkl,/home/yujie/leadopt/data/test_set_fep+_graph_rmH_I/hif2a/lig_hif2a_54.pkl,-0.0500000000000007,6.77,6.82,9,23,23,lig_hif2a_165,lig_hif2a_54
hif2a,9,6,/home/yujie/leadopt/data/test_set_fep+_graph_rmH_I/hif2a/lig_hif2a_35.pkl,/home/yujie/leadopt/data/test_set_fep+_graph_rmH_I/hif2a/lig_hif2a_54.pkl,-1.58,5.24,6.82,11,23,23,lig_hif2a_35,lig_hif2a_54
hif2a,9,6,/home/yujie/leadopt/data/test_set_fep+_graph_rmH_I/hif2a/lig_hif2a_289.pkl,/home/yujie/leadopt/data/test_set_fep+_graph_rmH_I/hif2a/lig_hif2a_54.pkl,1.1799999999999995,8.0,6.82,12,23,23,lig_hif2a_289,lig_hif2a_54
hif2a,9,6,/home/yujie/leadopt/data/test_set_fep+_graph_rmH_I/hif2a/lig_hif2a_215.pkl,/home/yujie/leadopt/data/test_set_fep+_graph_rmH_I/hif2a/lig_hif2a_54.pkl,0.9499999999999992,7.77,6.82,13,23,23,lig_hif2a_215,lig_hif2a_54
hif2a,9,6,/home/yujie/leadopt/data/test_set_fep+_graph_rmH_I/hif2a/lig_hif2a_124.pkl,/home/yujie/leadopt/data/test_set_fep+_graph_rmH_I/hif2a/lig_hif2a_54.pkl,0.5999999999999996,7.42,6.82,14,23,23,lig_hif2a_124,lig_hif2a_54
hif2a,9,6,/home/yujie/leadopt/data/test_set_fep+_graph_rmH_I/hif2a/lig_hif2a_227.pkl,/home/yujie/leadopt/data/test_set_fep+_graph_rmH_I/hif2a/lig_hif2a_54.pkl,1.0699999999999994,7.89,6.82,15,23,23,lig_hif2a_227,lig_hif2a_54
hif2a,9,6,/home/yujie/leadopt/data/test_set_fep+_graph_rmH_I/hif2a/lig_hif2a_42.pkl,/home/yujie/leadopt/data/test_set_fep+_graph_rmH_I/hif2a/lig_hif2a_54.pkl,-0.2700000000000004,6.55,6.82,17,23,23,lig_hif2a_42,lig_hif2a_54
hif2a,9,6,/home/yujie/leadopt/data/test_set_fep+_graph_rmH_I/hif2a/lig_hif2a_252.pkl,/home/yujie/leadopt/data/test_set_fep+_graph_rmH_I/hif2a/lig_hif2a_54.pkl,0.2999999999999998,7.12,6.82,18,23,23,lig_hif2a_252,lig_hif2a_54
hif2a,9,6,/home/yujie/leadopt/data/test_set_fep+_graph_rmH_I/hif2a/lig_hif2a_254.pkl,/home/yujie/leadopt/data/test_set_fep+_graph_rmH_I/hif2a/lig_hif2a_54.pkl,0.1799999999999997,7.0,6.82,19,23,23,lig_hif2a_254,lig_hif2a_54
hif2a,9,6,/home/yujie/leadopt/data/test_set_fep+_graph_rmH_I/hif2a/lig_hif2a_235.pkl,/home/yujie/leadopt/data/test_set_fep+_graph_rmH_I/hif2a/lig_hif2a_54.pkl,0.5999999999999996,7.42,6.82,20,23,23,lig_hif2a_235,lig_hif2a_54
hif2a,9,6,/home/yujie/leadopt/data/test_set_fep+_graph_rmH_I/hif2a/lig_hif2a_237.pkl,/home/yujie/leadopt/data/test_set_fep+_graph_rmH_I/hif2a/lig_hif2a_54.pkl,0.1799999999999997,7.0,6.82,21,23,23,lig_hif2a_237,lig_hif2a_54
hif2a,9,6,/home/yujie/leadopt/data/test_set_fep+_graph_rmH_I/hif2a/lig_hif2a_336.pkl,/home/yujie/leadopt/data/test_set_fep+_graph_rmH_I/hif2a/lig_hif2a_54.pkl,0.3799999999999999,7.2,6.82,22,23,23,lig_hif2a_336,lig_hif2a_54
hif2a,9,6,/home/yujie/leadopt/data/test_set_fep+_graph_rmH_I/hif2a/lig_hif2a_31.pkl,/home/yujie/leadopt/data/test_set_fep+_graph_rmH_I/hif2a/lig_hif2a_54.pkl,-0.3399999999999998,6.48,6.82,24,23,24,lig_hif2a_31,lig_hif2a_54
hif2a,9,6,/home/yujie/leadopt/data/test_set_fep+_graph_rmH_I/hif2a/lig_hif2a_251.pkl,/home/yujie/leadopt/data/test_set_fep+_graph_rmH_I/hif2a/lig_hif2a_54.pkl,0.6899999999999995,7.51,6.82,25,23,25,lig_hif2a_251,lig_hif2a_54
hif2a,9,6,/home/yujie/leadopt/data/test_set_fep+_graph_rmH_I/hif2a/lig_hif2a_1.pkl,/home/yujie/leadopt/data/test_set_fep+_graph_rmH_I/hif2a/lig_hif2a_54.pkl,1.4800000000000004,8.3,6.82,28,23,28,lig_hif2a_1,lig_hif2a_54
hif2a,9,6,/home/yujie/leadopt/data/test_set_fep+_graph_rmH_I/hif2a/lig_hif2a_43.pkl,/home/yujie/leadopt/data/test_set_fep+_graph_rmH_I/hif2a/lig_hif2a_54.pkl,-0.4400000000000004,6.38,6.82,30,23,30,lig_hif2a_43,lig_hif2a_54
hif2a,9,6,/home/yujie/leadopt/data/test_set_fep+_graph_rmH_I/hif2a/lig_hif2a_167.pkl,/home/yujie/leadopt/data/test_set_fep+_graph_rmH_I/hif2a/lig_hif2a_54.pkl,1.0,7.82,6.82,32,23,32,lig_hif2a_167,lig_hif2a_54
hif2a,9,6,/home/yujie/leadopt/data/test_set_fep+_graph_rmH_I/hif2a/lig_hif2a_41.pkl,/home/yujie/leadopt/data/test_set_fep+_graph_rmH_I/hif2a/lig_hif2a_54.pkl,0.3499999999999996,7.17,6.82,33,23,33,lig_hif2a_41,lig_hif2a_54
hif2a,9,6,/home/yujie/leadopt/data/test_set_fep+_graph_rmH_I/hif2a/lig_hif2a_338.pkl,/home/yujie/leadopt/data/test_set_fep+_graph_rmH_I/hif2a/lig_hif2a_54.pkl,1.0699999999999994,7.89,6.82,34,23,34,lig_hif2a_338,lig_hif2a_54
hif2a,9,6,/home/yujie/leadopt/data/test_set_fep+_graph_rmH_I/hif2a/lig_hif2a_234.pkl,/home/yujie/leadopt/data/test_set_fep+_graph_rmH_I/hif2a/lig_hif2a_54.pkl,0.7699999999999996,7.59,6.82,35,23,35,lig_hif2a_234,lig_hif2a_54
hif2a,9,6,/home/yujie/leadopt/data/test_set_fep+_graph_rmH_I/hif2a/lig_hif2a_84.pkl,/home/yujie/leadopt/data/test_set_fep+_graph_rmH_I/hif2a/lig_hif2a_54.pkl,-1.2700000000000005,5.55,6.82,36,23,36,lig_hif2a_84,lig_hif2a_54
hif2a,9,6,/home/yujie/leadopt/data/test_set_fep+_graph_rmH_I/hif2a/lig_hif2a_30.pkl,/home/yujie/leadopt/data/test_set_fep+_graph_rmH_I/hif2a/lig_hif2a_54.pkl,0.92,7.74,6.82,37,23,37,lig_hif2a_30,lig_hif2a_54
hif2a,9,6,/home/yujie/leadopt/data/test_set_fep+_graph_rmH_I/hif2a/lig_hif2a_155.pkl,/home/yujie/leadopt/data/test_set_fep+_graph_rmH_I/hif2a/lig_hif2a_54.pkl,0.8799999999999999,7.7,6.82,38,23,38,lig_hif2a_155,lig_hif2a_54
hif2a,9,6,/home/yujie/leadopt/data/test_set_fep+_graph_rmH_I/hif2a/lig_hif2a_156.pkl,/home/yujie/leadopt/data/test_set_fep+_graph_rmH_I/hif2a/lig_hif2a_54.pkl,0.3199999999999994,7.14,6.82,39,23,39,lig_hif2a_156,lig_hif2a_54
hif2a,9,6,/home/yujie/leadopt/data/test_set_fep+_graph_rmH_I/hif2a/lig_hif2a_231.pkl,/home/yujie/leadopt/data/test_set_fep+_graph_rmH_I/hif2a/lig_hif2a_54.pkl,0.5299999999999994,7.35,6.82,40,23,40,lig_hif2a_231,lig_hif2a_54
hif2a,9,6,/home/yujie/leadopt/data/test_set_fep+_graph_rmH_I/hif2a/lig_hif2a_50.pkl,/home/yujie/leadopt/data/test_set_fep+_graph_rmH_I/hif2a/lig_hif2a_54.pkl,0.29,7.11,6.82,41,23,41,lig_hif2a_50,lig_hif2a_54
hif2a,9,7,/home/yujie/leadopt/data/test_set_fep+_graph_rmH_I/hif2a/lig_hif2a_25.pkl,/home/yujie/leadopt/data/test_set_fep+_graph_rmH_I/hif2a/lig_hif2a_290.pkl,-0.2000000000000001,7.54,7.74,0,6,6,lig_hif2a_25,lig_hif2a_290
hif2a,9,7,/home/yujie/leadopt/data/test_set_fep+_graph_rmH_I/hif2a/lig_hif2a_61.pkl,/home/yujie/leadopt/data/test_set_fep+_graph_rmH_I/hif2a/lig_hif2a_290.pkl,-0.33,7.41,7.74,1,6,6,lig_hif2a_61,lig_hif2a_290
hif2a,9,7,/home/yujie/leadopt/data/test_set_fep+_graph_rmH_I/hif2a/lig_hif2a_206.pkl,/home/yujie/leadopt/data/test_set_fep+_graph_rmH_I/hif2a/lig_hif2a_290.pkl,-0.3200000000000003,7.42,7.74,4,6,6,lig_hif2a_206,lig_hif2a_290
hif2a,9,7,/home/yujie/leadopt/data/test_set_fep+_graph_rmH_I/hif2a/lig_hif2a_23.pkl,/home/yujie/leadopt/data/test_set_fep+_graph_rmH_I/hif2a/lig_hif2a_290.pkl,-2.5600000000000005,5.18,7.74,5,6,6,lig_hif2a_23,lig_hif2a_290
hif2a,9,7,/home/yujie/leadopt/data/test_set_fep+_graph_rmH_I/hif2a/lig_hif2a_224.pkl,/home/yujie/leadopt/data/test_set_fep+_graph_rmH_I/hif2a/lig_hif2a_290.pkl,-0.6600000000000001,7.08,7.74,7,6,7,lig_hif2a_224,lig_hif2a_290
hif2a,9,7,/home/yujie/leadopt/data/test_set_fep+_graph_rmH_I/hif2a/lig_hif2a_15.pkl,/home/yujie/leadopt/data/test_set_fep+_graph_rmH_I/hif2a/lig_hif2a_290.pkl,0.3599999999999994,8.1,7.74,8,6,8,lig_hif2a_15,lig_hif2a_290
hif2a,9,7,/home/yujie/leadopt/data/test_set_fep+_graph_rmH_I/hif2a/lig_hif2a_165.pkl,/home/yujie/leadopt/data/test_set_fep+_graph_rmH_I/hif2a/lig_hif2a_290.pkl,-0.9700000000000006,6.77,7.74,9,6,9,lig_hif2a_165,lig_hif2a_290
hif2a,9,7,/home/yujie/leadopt/data/test_set_fep+_graph_rmH_I/hif2a/lig_hif2a_35.pkl,/home/yujie/leadopt/data/test_set_fep+_graph_rmH_I/hif2a/lig_hif2a_290.pkl,-2.5,5.24,7.74,11,6,11,lig_hif2a_35,lig_hif2a_290
hif2a,9,7,/home/yujie/leadopt/data/test_set_fep+_graph_rmH_I/hif2a/lig_hif2a_289.pkl,/home/yujie/leadopt/data/test_set_fep+_graph_rmH_I/hif2a/lig_hif2a_290.pkl,0.2599999999999998,8.0,7.74,12,6,12,lig_hif2a_289,lig_hif2a_290
hif2a,9,7,/home/yujie/leadopt/data/test_set_fep+_graph_rmH_I/hif2a/lig_hif2a_215.pkl,/home/yujie/leadopt/data/test_set_fep+_graph_rmH_I/hif2a/lig_hif2a_290.pkl,0.0299999999999993,7.77,7.74,13,6,13,lig_hif2a_215,lig_hif2a_290
hif2a,9,7,/home/yujie/leadopt/data/test_set_fep+_graph_rmH_I/hif2a/lig_hif2a_124.pkl,/home/yujie/leadopt/data/test_set_fep+_graph_rmH_I/hif2a/lig_hif2a_290.pkl,-0.3200000000000003,7.42,7.74,14,6,14,lig_hif2a_124,lig_hif2a_290
hif2a,9,7,/home/yujie/leadopt/data/test_set_fep+_graph_rmH_I/hif2a/lig_hif2a_227.pkl,/home/yujie/leadopt/data/test_set_fep+_graph_rmH_I/hif2a/lig_hif2a_290.pkl,0.1499999999999994,7.89,7.74,15,6,15,lig_hif2a_227,lig_hif2a_290
hif2a,9,7,/home/yujie/leadopt/data/test_set_fep+_graph_rmH_I/hif2a/lig_hif2a_42.pkl,/home/yujie/leadopt/data/test_set_fep+_graph_rmH_I/hif2a/lig_hif2a_290.pkl,-1.1900000000000004,6.55,7.74,17,6,17,lig_hif2a_42,lig_hif2a_290
hif2a,9,7,/home/yujie/leadopt/data/test_set_fep+_graph_rmH_I/hif2a/lig_hif2a_252.pkl,/home/yujie/leadopt/data/test_set_fep+_graph_rmH_I/hif2a/lig_hif2a_290.pkl,-0.6200000000000001,7.12,7.74,18,6,18,lig_hif2a_252,lig_hif2a_290
hif2a,9,7,/home/yujie/leadopt/data/test_set_fep+_graph_rmH_I/hif2a/lig_hif2a_254.pkl,/home/yujie/leadopt/data/test_set_fep+_graph_rmH_I/hif2a/lig_hif2a_290.pkl,-0.7400000000000002,7.0,7.74,19,6,19,lig_hif2a_254,lig_hif2a_290
hif2a,9,7,/home/yujie/leadopt/data/test_set_fep+_graph_rmH_I/hif2a/lig_hif2a_235.pkl,/home/yujie/leadopt/data/test_set_fep+_graph_rmH_I/hif2a/lig_hif2a_290.pkl,-0.3200000000000003,7.42,7.74,20,6,20,lig_hif2a_235,lig_hif2a_290
hif2a,9,7,/home/yujie/leadopt/data/test_set_fep+_graph_rmH_I/hif2a/lig_hif2a_237.pkl,/home/yujie/leadopt/data/test_set_fep+_graph_rmH_I/hif2a/lig_hif2a_290.pkl,-0.7400000000000002,7.0,7.74,21,6,21,lig_hif2a_237,lig_hif2a_290
hif2a,9,7,/home/yujie/leadopt/data/test_set_fep+_graph_rmH_I/hif2a/lig_hif2a_336.pkl,/home/yujie/leadopt/data/test_set_fep+_graph_rmH_I/hif2a/lig_hif2a_290.pkl,-0.54,7.2,7.74,22,6,22,lig_hif2a_336,lig_hif2a_290
hif2a,9,7,/home/yujie/leadopt/data/test_set_fep+_graph_rmH_I/hif2a/lig_hif2a_31.pkl,/home/yujie/leadopt/data/test_set_fep+_graph_rmH_I/hif2a/lig_hif2a_290.pkl,-1.2599999999999998,6.48,7.74,24,6,24,lig_hif2a_31,lig_hif2a_290
hif2a,9,7,/home/yujie/leadopt/data/test_set_fep+_graph_rmH_I/hif2a/lig_hif2a_251.pkl,/home/yujie/leadopt/data/test_set_fep+_graph_rmH_I/hif2a/lig_hif2a_290.pkl,-0.2300000000000004,7.51,7.74,25,6,25,lig_hif2a_251,lig_hif2a_290
hif2a,9,7,/home/yujie/leadopt/data/test_set_fep+_graph_rmH_I/hif2a/lig_hif2a_1.pkl,/home/yujie/leadopt/data/test_set_fep+_graph_rmH_I/hif2a/lig_hif2a_290.pkl,0.5600000000000005,8.3,7.74,28,6,28,lig_hif2a_1,lig_hif2a_290
hif2a,9,7,/home/yujie/leadopt/data/test_set_fep+_graph_rmH_I/hif2a/lig_hif2a_43.pkl,/home/yujie/leadopt/data/test_set_fep+_graph_rmH_I/hif2a/lig_hif2a_290.pkl,-1.3600000000000003,6.38,7.74,30,6,30,lig_hif2a_43,lig_hif2a_290
hif2a,9,7,/home/yujie/leadopt/data/test_set_fep+_graph_rmH_I/hif2a/lig_hif2a_167.pkl,/home/yujie/leadopt/data/test_set_fep+_graph_rmH_I/hif2a/lig_hif2a_290.pkl,0.08,7.82,7.74,32,6,32,lig_hif2a_167,lig_hif2a_290
hif2a,9,7,/home/yujie/leadopt/data/test_set_fep+_graph_rmH_I/hif2a/lig_hif2a_41.pkl,/home/yujie/leadopt/data/test_set_fep+_graph_rmH_I/hif2a/lig_hif2a_290.pkl,-0.5700000000000003,7.17,7.74,33,6,33,lig_hif2a_41,lig_hif2a_290
hif2a,9,7,/home/yujie/leadopt/data/test_set_fep+_graph_rmH_I/hif2a/lig_hif2a_338.pkl,/home/yujie/leadopt/data/test_set_fep+_graph_rmH_I/hif2a/lig_hif2a_290.pkl,0.1499999999999994,7.89,7.74,34,6,34,lig_hif2a_338,lig_hif2a_290
hif2a,9,7,/home/yujie/leadopt/data/test_set_fep+_graph_rmH_I/hif2a/lig_hif2a_234.pkl,/home/yujie/leadopt/data/test_set_fep+_graph_rmH_I/hif2a/lig_hif2a_290.pkl,-0.1500000000000003,7.59,7.74,35,6,35,lig_hif2a_234,lig_hif2a_290
hif2a,9,7,/home/yujie/leadopt/data/test_set_fep+_graph_rmH_I/hif2a/lig_hif2a_84.pkl,/home/yujie/leadopt/data/test_set_fep+_graph_rmH_I/hif2a/lig_hif2a_290.pkl,-2.1900000000000004,5.55,7.74,36,6,36,lig_hif2a_84,lig_hif2a_290
hif2a,9,7,/home/yujie/leadopt/data/test_set_fep+_graph_rmH_I/hif2a/lig_hif2a_30.pkl,/home/yujie/leadopt/data/test_set_fep+_graph_rmH_I/hif2a/lig_hif2a_290.pkl,0.0,7.74,7.74,37,6,37,lig_hif2a_30,lig_hif2a_290
hif2a,9,7,/home/yujie/leadopt/data/test_set_fep+_graph_rmH_I/hif2a/lig_hif2a_155.pkl,/home/yujie/leadopt/data/test_set_fep+_graph_rmH_I/hif2a/lig_hif2a_290.pkl,-0.04,7.7,7.74,38,6,38,lig_hif2a_155,lig_hif2a_290
hif2a,9,7,/home/yujie/leadopt/data/test_set_fep+_graph_rmH_I/hif2a/lig_hif2a_156.pkl,/home/yujie/leadopt/data/test_set_fep+_graph_rmH_I/hif2a/lig_hif2a_290.pkl,-0.6000000000000005,7.14,7.74,39,6,39,lig_hif2a_156,lig_hif2a_290
hif2a,9,7,/home/yujie/leadopt/data/test_set_fep+_graph_rmH_I/hif2a/lig_hif2a_231.pkl,/home/yujie/leadopt/data/test_set_fep+_graph_rmH_I/hif2a/lig_hif2a_290.pkl,-0.3900000000000005,7.35,7.74,40,6,40,lig_hif2a_231,lig_hif2a_290
hif2a,9,7,/home/yujie/leadopt/data/test_set_fep+_graph_rmH_I/hif2a/lig_hif2a_50.pkl,/home/yujie/leadopt/data/test_set_fep+_graph_rmH_I/hif2a/lig_hif2a_290.pkl,-0.6299999999999999,7.11,7.74,41,6,41,lig_hif2a_50,lig_hif2a_290
hif2a,9,8,/home/yujie/leadopt/data/test_set_fep+_graph_rmH_I/hif2a/lig_hif2a_25.pkl,/home/yujie/leadopt/data/test_set_fep+_graph_rmH_I/hif2a/lig_hif2a_256.pkl,-0.2800000000000002,7.54,7.82,0,3,3,lig_hif2a_25,lig_hif2a_256
hif2a,9,8,/home/yujie/leadopt/data/test_set_fep+_graph_rmH_I/hif2a/lig_hif2a_61.pkl,/home/yujie/leadopt/data/test_set_fep+_graph_rmH_I/hif2a/lig_hif2a_256.pkl,-0.4100000000000001,7.41,7.82,1,3,3,lig_hif2a_61,lig_hif2a_256
hif2a,9,8,/home/yujie/leadopt/data/test_set_fep+_graph_rmH_I/hif2a/lig_hif2a_206.pkl,/home/yujie/leadopt/data/test_set_fep+_graph_rmH_I/hif2a/lig_hif2a_256.pkl,-0.4000000000000003,7.42,7.82,4,3,4,lig_hif2a_206,lig_hif2a_256
hif2a,9,8,/home/yujie/leadopt/data/test_set_fep+_graph_rmH_I/hif2a/lig_hif2a_23.pkl,/home/yujie/leadopt/data/test_set_fep+_graph_rmH_I/hif2a/lig_hif2a_256.pkl,-2.640000000000001,5.18,7.82,5,3,5,lig_hif2a_23,lig_hif2a_256
hif2a,9,8,/home/yujie/leadopt/data/test_set_fep+_graph_rmH_I/hif2a/lig_hif2a_224.pkl,/home/yujie/leadopt/data/test_set_fep+_graph_rmH_I/hif2a/lig_hif2a_256.pkl,-0.7400000000000002,7.08,7.82,7,3,7,lig_hif2a_224,lig_hif2a_256
hif2a,9,8,/home/yujie/leadopt/data/test_set_fep+_graph_rmH_I/hif2a/lig_hif2a_15.pkl,/home/yujie/leadopt/data/test_set_fep+_graph_rmH_I/hif2a/lig_hif2a_256.pkl,0.2799999999999993,8.1,7.82,8,3,8,lig_hif2a_15,lig_hif2a_256
hif2a,9,8,/home/yujie/leadopt/data/test_set_fep+_graph_rmH_I/hif2a/lig_hif2a_165.pkl,/home/yujie/leadopt/data/test_set_fep+_graph_rmH_I/hif2a/lig_hif2a_256.pkl,-1.0500000000000007,6.77,7.82,9,3,9,lig_hif2a_165,lig_hif2a_256
hif2a,9,8,/home/yujie/leadopt/data/test_set_fep+_graph_rmH_I/hif2a/lig_hif2a_35.pkl,/home/yujie/leadopt/data/test_set_fep+_graph_rmH_I/hif2a/lig_hif2a_256.pkl,-2.58,5.24,7.82,11,3,11,lig_hif2a_35,lig_hif2a_256
hif2a,9,8,/home/yujie/leadopt/data/test_set_fep+_graph_rmH_I/hif2a/lig_hif2a_289.pkl,/home/yujie/leadopt/data/test_set_fep+_graph_rmH_I/hif2a/lig_hif2a_256.pkl,0.1799999999999997,8.0,7.82,12,3,12,lig_hif2a_289,lig_hif2a_256
hif2a,9,8,/home/yujie/leadopt/data/test_set_fep+_graph_rmH_I/hif2a/lig_hif2a_215.pkl,/home/yujie/leadopt/data/test_set_fep+_graph_rmH_I/hif2a/lig_hif2a_256.pkl,-0.0500000000000007,7.77,7.82,13,3,13,lig_hif2a_215,lig_hif2a_256
hif2a,9,8,/home/yujie/leadopt/data/test_set_fep+_graph_rmH_I/hif2a/lig_hif2a_124.pkl,/home/yujie/leadopt/data/test_set_fep+_graph_rmH_I/hif2a/lig_hif2a_256.pkl,-0.4000000000000003,7.42,7.82,14,3,14,lig_hif2a_124,lig_hif2a_256
hif2a,9,8,/home/yujie/leadopt/data/test_set_fep+_graph_rmH_I/hif2a/lig_hif2a_227.pkl,/home/yujie/leadopt/data/test_set_fep+_graph_rmH_I/hif2a/lig_hif2a_256.pkl,0.0699999999999994,7.89,7.82,15,3,15,lig_hif2a_227,lig_hif2a_256
hif2a,9,8,/home/yujie/leadopt/data/test_set_fep+_graph_rmH_I/hif2a/lig_hif2a_42.pkl,/home/yujie/leadopt/data/test_set_fep+_graph_rmH_I/hif2a/lig_hif2a_256.pkl,-1.2700000000000005,6.55,7.82,17,3,17,lig_hif2a_42,lig_hif2a_256
hif2a,9,8,/home/yujie/leadopt/data/test_set_fep+_graph_rmH_I/hif2a/lig_hif2a_252.pkl,/home/yujie/leadopt/data/test_set_fep+_graph_rmH_I/hif2a/lig_hif2a_256.pkl,-0.7000000000000002,7.12,7.82,18,3,18,lig_hif2a_252,lig_hif2a_256
hif2a,9,8,/home/yujie/leadopt/data/test_set_fep+_graph_rmH_I/hif2a/lig_hif2a_254.pkl,/home/yujie/leadopt/data/test_set_fep+_graph_rmH_I/hif2a/lig_hif2a_256.pkl,-0.8200000000000003,7.0,7.82,19,3,19,lig_hif2a_254,lig_hif2a_256
hif2a,9,8,/home/yujie/leadopt/data/test_set_fep+_graph_rmH_I/hif2a/lig_hif2a_235.pkl,/home/yujie/leadopt/data/test_set_fep+_graph_rmH_I/hif2a/lig_hif2a_256.pkl,-0.4000000000000003,7.42,7.82,20,3,20,lig_hif2a_235,lig_hif2a_256
hif2a,9,8,/home/yujie/leadopt/data/test_set_fep+_graph_rmH_I/hif2a/lig_hif2a_237.pkl,/home/yujie/leadopt/data/test_set_fep+_graph_rmH_I/hif2a/lig_hif2a_256.pkl,-0.8200000000000003,7.0,7.82,21,3,21,lig_hif2a_237,lig_hif2a_256
hif2a,9,8,/home/yujie/leadopt/data/test_set_fep+_graph_rmH_I/hif2a/lig_hif2a_336.pkl,/home/yujie/leadopt/data/test_set_fep+_graph_rmH_I/hif2a/lig_hif2a_256.pkl,-0.6200000000000001,7.2,7.82,22,3,22,lig_hif2a_336,lig_hif2a_256
hif2a,9,8,/home/yujie/leadopt/data/test_set_fep+_graph_rmH_I/hif2a/lig_hif2a_31.pkl,/home/yujie/leadopt/data/test_set_fep+_graph_rmH_I/hif2a/lig_hif2a_256.pkl,-1.34,6.48,7.82,24,3,24,lig_hif2a_31,lig_hif2a_256
hif2a,9,8,/home/yujie/leadopt/data/test_set_fep+_graph_rmH_I/hif2a/lig_hif2a_251.pkl,/home/yujie/leadopt/data/test_set_fep+_graph_rmH_I/hif2a/lig_hif2a_256.pkl,-0.3100000000000005,7.51,7.82,25,3,25,lig_hif2a_251,lig_hif2a_256
hif2a,9,8,/home/yujie/leadopt/data/test_set_fep+_graph_rmH_I/hif2a/lig_hif2a_1.pkl,/home/yujie/leadopt/data/test_set_fep+_graph_rmH_I/hif2a/lig_hif2a_256.pkl,0.4800000000000004,8.3,7.82,28,3,28,lig_hif2a_1,lig_hif2a_256
hif2a,9,8,/home/yujie/leadopt/data/test_set_fep+_graph_rmH_I/hif2a/lig_hif2a_43.pkl,/home/yujie/leadopt/data/test_set_fep+_graph_rmH_I/hif2a/lig_hif2a_256.pkl,-1.4400000000000004,6.38,7.82,30,3,30,lig_hif2a_43,lig_hif2a_256
hif2a,9,8,/home/yujie/leadopt/data/test_set_fep+_graph_rmH_I/hif2a/lig_hif2a_167.pkl,/home/yujie/leadopt/data/test_set_fep+_graph_rmH_I/hif2a/lig_hif2a_256.pkl,0.0,7.82,7.82,32,3,32,lig_hif2a_167,lig_hif2a_256
hif2a,9,8,/home/yujie/leadopt/data/test_set_fep+_graph_rmH_I/hif2a/lig_hif2a_41.pkl,/home/yujie/leadopt/data/test_set_fep+_graph_rmH_I/hif2a/lig_hif2a_256.pkl,-0.6500000000000004,7.17,7.82,33,3,33,lig_hif2a_41,lig_hif2a_256
hif2a,9,8,/home/yujie/leadopt/data/test_set_fep+_graph_rmH_I/hif2a/lig_hif2a_338.pkl,/home/yujie/leadopt/data/test_set_fep+_graph_rmH_I/hif2a/lig_hif2a_256.pkl,0.0699999999999994,7.89,7.82,34,3,34,lig_hif2a_338,lig_hif2a_256
hif2a,9,8,/home/yujie/leadopt/data/test_set_fep+_graph_rmH_I/hif2a/lig_hif2a_234.pkl,/home/yujie/leadopt/data/test_set_fep+_graph_rmH_I/hif2a/lig_hif2a_256.pkl,-0.2300000000000004,7.59,7.82,35,3,35,lig_hif2a_234,lig_hif2a_256
hif2a,9,8,/home/yujie/leadopt/data/test_set_fep+_graph_rmH_I/hif2a/lig_hif2a_84.pkl,/home/yujie/leadopt/data/test_set_fep+_graph_rmH_I/hif2a/lig_hif2a_256.pkl,-2.2700000000000005,5.55,7.82,36,3,36,lig_hif2a_84,lig_hif2a_256
hif2a,9,8,/home/yujie/leadopt/data/test_set_fep+_graph_rmH_I/hif2a/lig_hif2a_30.pkl,/home/yujie/leadopt/data/test_set_fep+_graph_rmH_I/hif2a/lig_hif2a_256.pkl,-0.08,7.74,7.82,37,3,37,lig_hif2a_30,lig_hif2a_256
hif2a,9,8,/home/yujie/leadopt/data/test_set_fep+_graph_rmH_I/hif2a/lig_hif2a_155.pkl,/home/yujie/leadopt/data/test_set_fep+_graph_rmH_I/hif2a/lig_hif2a_256.pkl,-0.1200000000000001,7.7,7.82,38,3,38,lig_hif2a_155,lig_hif2a_256
hif2a,9,8,/home/yujie/leadopt/data/test_set_fep+_graph_rmH_I/hif2a/lig_hif2a_156.pkl,/home/yujie/leadopt/data/test_set_fep+_graph_rmH_I/hif2a/lig_hif2a_256.pkl,-0.6800000000000006,7.14,7.82,39,3,39,lig_hif2a_156,lig_hif2a_256
hif2a,9,8,/home/yujie/leadopt/data/test_set_fep+_graph_rmH_I/hif2a/lig_hif2a_231.pkl,/home/yujie/leadopt/data/test_set_fep+_graph_rmH_I/hif2a/lig_hif2a_256.pkl,-0.4700000000000006,7.35,7.82,40,3,40,lig_hif2a_231,lig_hif2a_256
hif2a,9,8,/home/yujie/leadopt/data/test_set_fep+_graph_rmH_I/hif2a/lig_hif2a_50.pkl,/home/yujie/leadopt/data/test_set_fep+_graph_rmH_I/hif2a/lig_hif2a_256.pkl,-0.71,7.11,7.82,41,3,41,lig_hif2a_50,lig_hif2a_256
hif2a,9,9,/home/yujie/leadopt/data/test_set_fep+_graph_rmH_I/hif2a/lig_hif2a_25.pkl,/home/yujie/leadopt/data/test_set_fep+_graph_rmH_I/hif2a/lig_hif2a_266.pkl,-0.1799999999999997,7.54,7.72,0,29,29,lig_hif2a_25,lig_hif2a_266
hif2a,9,9,/home/yujie/leadopt/data/test_set_fep+_graph_rmH_I/hif2a/lig_hif2a_61.pkl,/home/yujie/leadopt/data/test_set_fep+_graph_rmH_I/hif2a/lig_hif2a_266.pkl,-0.3099999999999996,7.41,7.72,1,29,29,lig_hif2a_61,lig_hif2a_266
hif2a,9,9,/home/yujie/leadopt/data/test_set_fep+_graph_rmH_I/hif2a/lig_hif2a_206.pkl,/home/yujie/leadopt/data/test_set_fep+_graph_rmH_I/hif2a/lig_hif2a_266.pkl,-0.2999999999999998,7.42,7.72,4,29,29,lig_hif2a_206,lig_hif2a_266
hif2a,9,9,/home/yujie/leadopt/data/test_set_fep+_graph_rmH_I/hif2a/lig_hif2a_23.pkl,/home/yujie/leadopt/data/test_set_fep+_graph_rmH_I/hif2a/lig_hif2a_266.pkl,-2.54,5.18,7.72,5,29,29,lig_hif2a_23,lig_hif2a_266
hif2a,9,9,/home/yujie/leadopt/data/test_set_fep+_graph_rmH_I/hif2a/lig_hif2a_224.pkl,/home/yujie/leadopt/data/test_set_fep+_graph_rmH_I/hif2a/lig_hif2a_266.pkl,-0.6399999999999997,7.08,7.72,7,29,29,lig_hif2a_224,lig_hif2a_266
hif2a,9,9,/home/yujie/leadopt/data/test_set_fep+_graph_rmH_I/hif2a/lig_hif2a_15.pkl,/home/yujie/leadopt/data/test_set_fep+_graph_rmH_I/hif2a/lig_hif2a_266.pkl,0.3799999999999999,8.1,7.72,8,29,29,lig_hif2a_15,lig_hif2a_266
hif2a,9,9,/home/yujie/leadopt/data/test_set_fep+_graph_rmH_I/hif2a/lig_hif2a_165.pkl,/home/yujie/leadopt/data/test_set_fep+_graph_rmH_I/hif2a/lig_hif2a_266.pkl,-0.9500000000000002,6.77,7.72,9,29,29,lig_hif2a_165,lig_hif2a_266
hif2a,9,9,/home/yujie/leadopt/data/test_set_fep+_graph_rmH_I/hif2a/lig_hif2a_35.pkl,/home/yujie/leadopt/data/test_set_fep+_graph_rmH_I/hif2a/lig_hif2a_266.pkl,-2.4799999999999995,5.24,7.72,11,29,29,lig_hif2a_35,lig_hif2a_266
hif2a,9,9,/home/yujie/leadopt/data/test_set_fep+_graph_rmH_I/hif2a/lig_hif2a_289.pkl,/home/yujie/leadopt/data/test_set_fep+_graph_rmH_I/hif2a/lig_hif2a_266.pkl,0.2800000000000002,8.0,7.72,12,29,29,lig_hif2a_289,lig_hif2a_266
hif2a,9,9,/home/yujie/leadopt/data/test_set_fep+_graph_rmH_I/hif2a/lig_hif2a_215.pkl,/home/yujie/leadopt/data/test_set_fep+_graph_rmH_I/hif2a/lig_hif2a_266.pkl,0.0499999999999998,7.77,7.72,13,29,29,lig_hif2a_215,lig_hif2a_266
hif2a,9,9,/home/yujie/leadopt/data/test_set_fep+_graph_rmH_I/hif2a/lig_hif2a_124.pkl,/home/yujie/leadopt/data/test_set_fep+_graph_rmH_I/hif2a/lig_hif2a_266.pkl,-0.2999999999999998,7.42,7.72,14,29,29,lig_hif2a_124,lig_hif2a_266
hif2a,9,9,/home/yujie/leadopt/data/test_set_fep+_graph_rmH_I/hif2a/lig_hif2a_227.pkl,/home/yujie/leadopt/data/test_set_fep+_graph_rmH_I/hif2a/lig_hif2a_266.pkl,0.1699999999999999,7.89,7.72,15,29,29,lig_hif2a_227,lig_hif2a_266
hif2a,9,9,/home/yujie/leadopt/data/test_set_fep+_graph_rmH_I/hif2a/lig_hif2a_42.pkl,/home/yujie/leadopt/data/test_set_fep+_graph_rmH_I/hif2a/lig_hif2a_266.pkl,-1.17,6.55,7.72,17,29,29,lig_hif2a_42,lig_hif2a_266
hif2a,9,9,/home/yujie/leadopt/data/test_set_fep+_graph_rmH_I/hif2a/lig_hif2a_252.pkl,/home/yujie/leadopt/data/test_set_fep+_graph_rmH_I/hif2a/lig_hif2a_266.pkl,-0.5999999999999996,7.12,7.72,18,29,29,lig_hif2a_252,lig_hif2a_266
hif2a,9,9,/home/yujie/leadopt/data/test_set_fep+_graph_rmH_I/hif2a/lig_hif2a_254.pkl,/home/yujie/leadopt/data/test_set_fep+_graph_rmH_I/hif2a/lig_hif2a_266.pkl,-0.7199999999999998,7.0,7.72,19,29,29,lig_hif2a_254,lig_hif2a_266
hif2a,9,9,/home/yujie/leadopt/data/test_set_fep+_graph_rmH_I/hif2a/lig_hif2a_235.pkl,/home/yujie/leadopt/data/test_set_fep+_graph_rmH_I/hif2a/lig_hif2a_266.pkl,-0.2999999999999998,7.42,7.72,20,29,29,lig_hif2a_235,lig_hif2a_266
hif2a,9,9,/home/yujie/leadopt/data/test_set_fep+_graph_rmH_I/hif2a/lig_hif2a_237.pkl,/home/yujie/leadopt/data/test_set_fep+_graph_rmH_I/hif2a/lig_hif2a_266.pkl,-0.7199999999999998,7.0,7.72,21,29,29,lig_hif2a_237,lig_hif2a_266
hif2a,9,9,/home/yujie/leadopt/data/test_set_fep+_graph_rmH_I/hif2a/lig_hif2a_336.pkl,/home/yujie/leadopt/data/test_set_fep+_graph_rmH_I/hif2a/lig_hif2a_266.pkl,-0.5199999999999996,7.2,7.72,22,29,29,lig_hif2a_336,lig_hif2a_266
hif2a,9,9,/home/yujie/leadopt/data/test_set_fep+_graph_rmH_I/hif2a/lig_hif2a_31.pkl,/home/yujie/leadopt/data/test_set_fep+_graph_rmH_I/hif2a/lig_hif2a_266.pkl,-1.239999999999999,6.48,7.72,24,29,29,lig_hif2a_31,lig_hif2a_266
hif2a,9,9,/home/yujie/leadopt/data/test_set_fep+_graph_rmH_I/hif2a/lig_hif2a_251.pkl,/home/yujie/leadopt/data/test_set_fep+_graph_rmH_I/hif2a/lig_hif2a_266.pkl,-0.2099999999999999,7.51,7.72,25,29,29,lig_hif2a_251,lig_hif2a_266
hif2a,9,9,/home/yujie/leadopt/data/test_set_fep+_graph_rmH_I/hif2a/lig_hif2a_1.pkl,/home/yujie/leadopt/data/test_set_fep+_graph_rmH_I/hif2a/lig_hif2a_266.pkl,0.580000000000001,8.3,7.72,28,29,29,lig_hif2a_1,lig_hif2a_266
hif2a,9,9,/home/yujie/leadopt/data/test_set_fep+_graph_rmH_I/hif2a/lig_hif2a_43.pkl,/home/yujie/leadopt/data/test_set_fep+_graph_rmH_I/hif2a/lig_hif2a_266.pkl,-1.34,6.38,7.72,30,29,30,lig_hif2a_43,lig_hif2a_266
hif2a,9,9,/home/yujie/leadopt/data/test_set_fep+_graph_rmH_I/hif2a/lig_hif2a_167.pkl,/home/yujie/leadopt/data/test_set_fep+_graph_rmH_I/hif2a/lig_hif2a_266.pkl,0.1000000000000005,7.82,7.72,32,29,32,lig_hif2a_167,lig_hif2a_266
hif2a,9,9,/home/yujie/leadopt/data/test_set_fep+_graph_rmH_I/hif2a/lig_hif2a_41.pkl,/home/yujie/leadopt/data/test_set_fep+_graph_rmH_I/hif2a/lig_hif2a_266.pkl,-0.5499999999999998,7.17,7.72,33,29,33,lig_hif2a_41,lig_hif2a_266
hif2a,9,9,/home/yujie/leadopt/data/test_set_fep+_graph_rmH_I/hif2a/lig_hif2a_338.pkl,/home/yujie/leadopt/data/test_set_fep+_graph_rmH_I/hif2a/lig_hif2a_266.pkl,0.1699999999999999,7.89,7.72,34,29,34,lig_hif2a_338,lig_hif2a_266
hif2a,9,9,/home/yujie/leadopt/data/test_set_fep+_graph_rmH_I/hif2a/lig_hif2a_234.pkl,/home/yujie/leadopt/data/test_set_fep+_graph_rmH_I/hif2a/lig_hif2a_266.pkl,-0.1299999999999999,7.59,7.72,35,29,35,lig_hif2a_234,lig_hif2a_266
hif2a,9,9,/home/yujie/leadopt/data/test_set_fep+_graph_rmH_I/hif2a/lig_hif2a_84.pkl,/home/yujie/leadopt/data/test_set_fep+_graph_rmH_I/hif2a/lig_hif2a_266.pkl,-2.17,5.55,7.72,36,29,36,lig_hif2a_84,lig_hif2a_266
hif2a,9,9,/home/yujie/leadopt/data/test_set_fep+_graph_rmH_I/hif2a/lig_hif2a_30.pkl,/home/yujie/leadopt/data/test_set_fep+_graph_rmH_I/hif2a/lig_hif2a_266.pkl,0.0200000000000004,7.74,7.72,37,29,37,lig_hif2a_30,lig_hif2a_266
hif2a,9,9,/home/yujie/leadopt/data/test_set_fep+_graph_rmH_I/hif2a/lig_hif2a_155.pkl,/home/yujie/leadopt/data/test_set_fep+_graph_rmH_I/hif2a/lig_hif2a_266.pkl,-0.0199999999999995,7.7,7.72,38,29,38,lig_hif2a_155,lig_hif2a_266
hif2a,9,9,/home/yujie/leadopt/data/test_set_fep+_graph_rmH_I/hif2a/lig_hif2a_156.pkl,/home/yujie/leadopt/data/test_set_fep+_graph_rmH_I/hif2a/lig_hif2a_266.pkl,-0.5800000000000001,7.14,7.72,39,29,39,lig_hif2a_156,lig_hif2a_266
hif2a,9,9,/home/yujie/leadopt/data/test_set_fep+_graph_rmH_I/hif2a/lig_hif2a_231.pkl,/home/yujie/leadopt/data/test_set_fep+_graph_rmH_I/hif2a/lig_hif2a_266.pkl,-0.3700000000000001,7.35,7.72,40,29,40,lig_hif2a_231,lig_hif2a_266
hif2a,9,9,/home/yujie/leadopt/data/test_set_fep+_graph_rmH_I/hif2a/lig_hif2a_50.pkl,/home/yujie/leadopt/data/test_set_fep+_graph_rmH_I/hif2a/lig_hif2a_266.pkl,-0.6099999999999994,7.11,7.72,41,29,41,lig_hif2a_50,lig_hif2a_266
hif2a,9,10,/home/yujie/leadopt/data/test_set_fep+_graph_rmH_I/hif2a/lig_hif2a_25.pkl,/home/yujie/leadopt/data/test_set_fep+_graph_rmH_I/hif2a/lig_hif2a_67.pkl,0.08,7.54,7.46,0,10,10,lig_hif2a_25,lig_hif2a_67
hif2a,9,10,/home/yujie/leadopt/data/test_set_fep+_graph_rmH_I/hif2a/lig_hif2a_61.pkl,/home/yujie/leadopt/data/test_set_fep+_graph_rmH_I/hif2a/lig_hif2a_67.pkl,-0.0499999999999998,7.41,7.46,1,10,10,lig_hif2a_61,lig_hif2a_67
hif2a,9,10,/home/yujie/leadopt/data/test_set_fep+_graph_rmH_I/hif2a/lig_hif2a_206.pkl,/home/yujie/leadopt/data/test_set_fep+_graph_rmH_I/hif2a/lig_hif2a_67.pkl,-0.04,7.42,7.46,4,10,10,lig_hif2a_206,lig_hif2a_67
hif2a,9,10,/home/yujie/leadopt/data/test_set_fep+_graph_rmH_I/hif2a/lig_hif2a_23.pkl,/home/yujie/leadopt/data/test_set_fep+_graph_rmH_I/hif2a/lig_hif2a_67.pkl,-2.28,5.18,7.46,5,10,10,lig_hif2a_23,lig_hif2a_67
hif2a,9,10,/home/yujie/leadopt/data/test_set_fep+_graph_rmH_I/hif2a/lig_hif2a_224.pkl,/home/yujie/leadopt/data/test_set_fep+_graph_rmH_I/hif2a/lig_hif2a_67.pkl,-0.3799999999999999,7.08,7.46,7,10,10,lig_hif2a_224,lig_hif2a_67
hif2a,9,10,/home/yujie/leadopt/data/test_set_fep+_graph_rmH_I/hif2a/lig_hif2a_15.pkl,/home/yujie/leadopt/data/test_set_fep+_graph_rmH_I/hif2a/lig_hif2a_67.pkl,0.6399999999999997,8.1,7.46,8,10,10,lig_hif2a_15,lig_hif2a_67
hif2a,9,10,/home/yujie/leadopt/data/test_set_fep+_graph_rmH_I/hif2a/lig_hif2a_165.pkl,/home/yujie/leadopt/data/test_set_fep+_graph_rmH_I/hif2a/lig_hif2a_67.pkl,-0.6900000000000004,6.77,7.46,9,10,10,lig_hif2a_165,lig_hif2a_67
hif2a,9,10,/home/yujie/leadopt/data/test_set_fep+_graph_rmH_I/hif2a/lig_hif2a_35.pkl,/home/yujie/leadopt/data/test_set_fep+_graph_rmH_I/hif2a/lig_hif2a_67.pkl,-2.22,5.24,7.46,11,10,11,lig_hif2a_35,lig_hif2a_67
hif2a,9,10,/home/yujie/leadopt/data/test_set_fep+_graph_rmH_I/hif2a/lig_hif2a_289.pkl,/home/yujie/leadopt/data/test_set_fep+_graph_rmH_I/hif2a/lig_hif2a_67.pkl,0.54,8.0,7.46,12,10,12,lig_hif2a_289,lig_hif2a_67
hif2a,9,10,/home/yujie/leadopt/data/test_set_fep+_graph_rmH_I/hif2a/lig_hif2a_215.pkl,/home/yujie/leadopt/data/test_set_fep+_graph_rmH_I/hif2a/lig_hif2a_67.pkl,0.3099999999999996,7.77,7.46,13,10,13,lig_hif2a_215,lig_hif2a_67
hif2a,9,10,/home/yujie/leadopt/data/test_set_fep+_graph_rmH_I/hif2a/lig_hif2a_124.pkl,/home/yujie/leadopt/data/test_set_fep+_graph_rmH_I/hif2a/lig_hif2a_67.pkl,-0.04,7.42,7.46,14,10,14,lig_hif2a_124,lig_hif2a_67
hif2a,9,10,/home/yujie/leadopt/data/test_set_fep+_graph_rmH_I/hif2a/lig_hif2a_227.pkl,/home/yujie/leadopt/data/test_set_fep+_graph_rmH_I/hif2a/lig_hif2a_67.pkl,0.4299999999999997,7.89,7.46,15,10,15,lig_hif2a_227,lig_hif2a_67
hif2a,9,10,/home/yujie/leadopt/data/test_set_fep+_graph_rmH_I/hif2a/lig_hif2a_42.pkl,/home/yujie/leadopt/data/test_set_fep+_graph_rmH_I/hif2a/lig_hif2a_67.pkl,-0.91,6.55,7.46,17,10,17,lig_hif2a_42,lig_hif2a_67
hif2a,9,10,/home/yujie/leadopt/data/test_set_fep+_graph_rmH_I/hif2a/lig_hif2a_252.pkl,/home/yujie/leadopt/data/test_set_fep+_graph_rmH_I/hif2a/lig_hif2a_67.pkl,-0.3399999999999998,7.12,7.46,18,10,18,lig_hif2a_252,lig_hif2a_67
hif2a,9,10,/home/yujie/leadopt/data/test_set_fep+_graph_rmH_I/hif2a/lig_hif2a_254.pkl,/home/yujie/leadopt/data/test_set_fep+_graph_rmH_I/hif2a/lig_hif2a_67.pkl,-0.4599999999999999,7.0,7.46,19,10,19,lig_hif2a_254,lig_hif2a_67
hif2a,9,10,/home/yujie/leadopt/data/test_set_fep+_graph_rmH_I/hif2a/lig_hif2a_235.pkl,/home/yujie/leadopt/data/test_set_fep+_graph_rmH_I/hif2a/lig_hif2a_67.pkl,-0.04,7.42,7.46,20,10,20,lig_hif2a_235,lig_hif2a_67
hif2a,9,10,/home/yujie/leadopt/data/test_set_fep+_graph_rmH_I/hif2a/lig_hif2a_237.pkl,/home/yujie/leadopt/data/test_set_fep+_graph_rmH_I/hif2a/lig_hif2a_67.pkl,-0.4599999999999999,7.0,7.46,21,10,21,lig_hif2a_237,lig_hif2a_67
hif2a,9,10,/home/yujie/leadopt/data/test_set_fep+_graph_rmH_I/hif2a/lig_hif2a_336.pkl,/home/yujie/leadopt/data/test_set_fep+_graph_rmH_I/hif2a/lig_hif2a_67.pkl,-0.2599999999999998,7.2,7.46,22,10,22,lig_hif2a_336,lig_hif2a_67
hif2a,9,10,/home/yujie/leadopt/data/test_set_fep+_graph_rmH_I/hif2a/lig_hif2a_31.pkl,/home/yujie/leadopt/data/test_set_fep+_graph_rmH_I/hif2a/lig_hif2a_67.pkl,-0.9799999999999996,6.48,7.46,24,10,24,lig_hif2a_31,lig_hif2a_67
hif2a,9,10,/home/yujie/leadopt/data/test_set_fep+_graph_rmH_I/hif2a/lig_hif2a_251.pkl,/home/yujie/leadopt/data/test_set_fep+_graph_rmH_I/hif2a/lig_hif2a_67.pkl,0.0499999999999998,7.51,7.46,25,10,25,lig_hif2a_251,lig_hif2a_67
hif2a,9,10,/home/yujie/leadopt/data/test_set_fep+_graph_rmH_I/hif2a/lig_hif2a_1.pkl,/home/yujie/leadopt/data/test_set_fep+_graph_rmH_I/hif2a/lig_hif2a_67.pkl,0.8400000000000007,8.3,7.46,28,10,28,lig_hif2a_1,lig_hif2a_67
hif2a,9,10,/home/yujie/leadopt/data/test_set_fep+_graph_rmH_I/hif2a/lig_hif2a_43.pkl,/home/yujie/leadopt/data/test_set_fep+_graph_rmH_I/hif2a/lig_hif2a_67.pkl,-1.08,6.38,7.46,30,10,30,lig_hif2a_43,lig_hif2a_67
hif2a,9,10,/home/yujie/leadopt/data/test_set_fep+_graph_rmH_I/hif2a/lig_hif2a_167.pkl,/home/yujie/leadopt/data/test_set_fep+_graph_rmH_I/hif2a/lig_hif2a_67.pkl,0.3600000000000003,7.82,7.46,32,10,32,lig_hif2a_167,lig_hif2a_67
hif2a,9,10,/home/yujie/leadopt/data/test_set_fep+_graph_rmH_I/hif2a/lig_hif2a_41.pkl,/home/yujie/leadopt/data/test_set_fep+_graph_rmH_I/hif2a/lig_hif2a_67.pkl,-0.29,7.17,7.46,33,10,33,lig_hif2a_41,lig_hif2a_67
hif2a,9,10,/home/yujie/leadopt/data/test_set_fep+_graph_rmH_I/hif2a/lig_hif2a_338.pkl,/home/yujie/leadopt/data/test_set_fep+_graph_rmH_I/hif2a/lig_hif2a_67.pkl,0.4299999999999997,7.89,7.46,34,10,34,lig_hif2a_338,lig_hif2a_67
hif2a,9,10,/home/yujie/leadopt/data/test_set_fep+_graph_rmH_I/hif2a/lig_hif2a_234.pkl,/home/yujie/leadopt/data/test_set_fep+_graph_rmH_I/hif2a/lig_hif2a_67.pkl,0.1299999999999999,7.59,7.46,35,10,35,lig_hif2a_234,lig_hif2a_67
hif2a,9,10,/home/yujie/leadopt/data/test_set_fep+_graph_rmH_I/hif2a/lig_hif2a_84.pkl,/home/yujie/leadopt/data/test_set_fep+_graph_rmH_I/hif2a/lig_hif2a_67.pkl,-1.91,5.55,7.46,36,10,36,lig_hif2a_84,lig_hif2a_67
hif2a,9,10,/home/yujie/leadopt/data/test_set_fep+_graph_rmH_I/hif2a/lig_hif2a_30.pkl,/home/yujie/leadopt/data/test_set_fep+_graph_rmH_I/hif2a/lig_hif2a_67.pkl,0.2800000000000002,7.74,7.46,37,10,37,lig_hif2a_30,lig_hif2a_67
hif2a,9,10,/home/yujie/leadopt/data/test_set_fep+_graph_rmH_I/hif2a/lig_hif2a_155.pkl,/home/yujie/leadopt/data/test_set_fep+_graph_rmH_I/hif2a/lig_hif2a_67.pkl,0.2400000000000002,7.7,7.46,38,10,38,lig_hif2a_155,lig_hif2a_67
hif2a,9,10,/home/yujie/leadopt/data/test_set_fep+_graph_rmH_I/hif2a/lig_hif2a_156.pkl,/home/yujie/leadopt/data/test_set_fep+_graph_rmH_I/hif2a/lig_hif2a_67.pkl,-0.3200000000000003,7.14,7.46,39,10,39,lig_hif2a_156,lig_hif2a_67
hif2a,9,10,/home/yujie/leadopt/data/test_set_fep+_graph_rmH_I/hif2a/lig_hif2a_231.pkl,/home/yujie/leadopt/data/test_set_fep+_graph_rmH_I/hif2a/lig_hif2a_67.pkl,-0.1100000000000003,7.35,7.46,40,10,40,lig_hif2a_231,lig_hif2a_67
hif2a,9,10,/home/yujie/leadopt/data/test_set_fep+_graph_rmH_I/hif2a/lig_hif2a_50.pkl,/home/yujie/leadopt/data/test_set_fep+_graph_rmH_I/hif2a/lig_hif2a_67.pkl,-0.3499999999999996,7.11,7.46,41,10,41,lig_hif2a_50,lig_hif2a_67
